[2026-03-22T23:23:04.509+0000] {processor.py:161} INFO - Started process (PID=163) to work on /opt/airflow/dags/normalized_orders_dags.py
[2026-03-22T23:23:04.511+0000] {processor.py:830} INFO - Processing file /opt/airflow/dags/normalized_orders_dags.py for tasks to queue
[2026-03-22T23:23:04.519+0000] {logging_mixin.py:188} INFO - [2026-03-22T23:23:04.516+0000] {dagbag.py:545} INFO - Filling up the DagBag from /opt/airflow/dags/normalized_orders_dags.py
[2026-03-22T23:23:04.542+0000] {logging_mixin.py:188} INFO - [2026-03-22T23:23:04.539+0000] {dagbag.py:355} ERROR - Failed to import: /opt/airflow/dags/normalized_orders_dags.py
Traceback (most recent call last):
  File "/home/airflow/.local/lib/python3.9/site-packages/airflow/models/dagbag.py", line 351, in parse
    loader.exec_module(new_module)
  File "<frozen importlib._bootstrap_external>", line 850, in exec_module
  File "<frozen importlib._bootstrap>", line 228, in _call_with_frames_removed
  File "/opt/airflow/dags/normalized_orders_dags.py", line 7, in <module>
    from scripts.load_raw_orders import load_raw_orders
ModuleNotFoundError: No module named 'scripts.load_raw_orders'
[2026-03-22T23:23:04.543+0000] {processor.py:842} WARNING - No viable dags retrieved from /opt/airflow/dags/normalized_orders_dags.py
[2026-03-22T23:23:04.589+0000] {processor.py:183} INFO - Processing /opt/airflow/dags/normalized_orders_dags.py took 0.103 seconds
[2026-03-22T23:23:34.751+0000] {processor.py:161} INFO - Started process (PID=168) to work on /opt/airflow/dags/normalized_orders_dags.py
[2026-03-22T23:23:34.753+0000] {processor.py:830} INFO - Processing file /opt/airflow/dags/normalized_orders_dags.py for tasks to queue
[2026-03-22T23:23:34.756+0000] {logging_mixin.py:188} INFO - [2026-03-22T23:23:34.755+0000] {dagbag.py:545} INFO - Filling up the DagBag from /opt/airflow/dags/normalized_orders_dags.py
[2026-03-22T23:23:34.768+0000] {logging_mixin.py:188} INFO - [2026-03-22T23:23:34.767+0000] {dagbag.py:355} ERROR - Failed to import: /opt/airflow/dags/normalized_orders_dags.py
Traceback (most recent call last):
  File "/home/airflow/.local/lib/python3.9/site-packages/airflow/models/dagbag.py", line 351, in parse
    loader.exec_module(new_module)
  File "<frozen importlib._bootstrap_external>", line 850, in exec_module
  File "<frozen importlib._bootstrap>", line 228, in _call_with_frames_removed
  File "/opt/airflow/dags/normalized_orders_dags.py", line 7, in <module>
    from scripts.load_raw_orders import load_raw_orders
ModuleNotFoundError: No module named 'scripts.load_raw_orders'
[2026-03-22T23:23:34.769+0000] {processor.py:842} WARNING - No viable dags retrieved from /opt/airflow/dags/normalized_orders_dags.py
[2026-03-22T23:23:34.798+0000] {processor.py:183} INFO - Processing /opt/airflow/dags/normalized_orders_dags.py took 0.061 seconds
[2026-03-22T23:24:04.989+0000] {processor.py:161} INFO - Started process (PID=173) to work on /opt/airflow/dags/normalized_orders_dags.py
[2026-03-22T23:24:04.993+0000] {processor.py:830} INFO - Processing file /opt/airflow/dags/normalized_orders_dags.py for tasks to queue
[2026-03-22T23:24:04.998+0000] {logging_mixin.py:188} INFO - [2026-03-22T23:24:04.998+0000] {dagbag.py:545} INFO - Filling up the DagBag from /opt/airflow/dags/normalized_orders_dags.py
[2026-03-22T23:24:05.004+0000] {logging_mixin.py:188} INFO - [2026-03-22T23:24:05.003+0000] {dagbag.py:355} ERROR - Failed to import: /opt/airflow/dags/normalized_orders_dags.py
Traceback (most recent call last):
  File "/home/airflow/.local/lib/python3.9/site-packages/airflow/models/dagbag.py", line 351, in parse
    loader.exec_module(new_module)
  File "<frozen importlib._bootstrap_external>", line 850, in exec_module
  File "<frozen importlib._bootstrap>", line 228, in _call_with_frames_removed
  File "/opt/airflow/dags/normalized_orders_dags.py", line 7, in <module>
    from scripts.load_raw_orders import load_raw_orders
ModuleNotFoundError: No module named 'scripts.load_raw_orders'
[2026-03-22T23:24:05.004+0000] {processor.py:842} WARNING - No viable dags retrieved from /opt/airflow/dags/normalized_orders_dags.py
[2026-03-22T23:24:05.023+0000] {processor.py:183} INFO - Processing /opt/airflow/dags/normalized_orders_dags.py took 0.045 seconds
[2026-03-22T23:24:35.417+0000] {processor.py:161} INFO - Started process (PID=178) to work on /opt/airflow/dags/normalized_orders_dags.py
[2026-03-22T23:24:35.419+0000] {processor.py:830} INFO - Processing file /opt/airflow/dags/normalized_orders_dags.py for tasks to queue
[2026-03-22T23:24:35.421+0000] {logging_mixin.py:188} INFO - [2026-03-22T23:24:35.421+0000] {dagbag.py:545} INFO - Filling up the DagBag from /opt/airflow/dags/normalized_orders_dags.py
[2026-03-22T23:24:35.430+0000] {logging_mixin.py:188} INFO - [2026-03-22T23:24:35.429+0000] {dagbag.py:355} ERROR - Failed to import: /opt/airflow/dags/normalized_orders_dags.py
Traceback (most recent call last):
  File "/home/airflow/.local/lib/python3.9/site-packages/airflow/models/dagbag.py", line 351, in parse
    loader.exec_module(new_module)
  File "<frozen importlib._bootstrap_external>", line 850, in exec_module
  File "<frozen importlib._bootstrap>", line 228, in _call_with_frames_removed
  File "/opt/airflow/dags/normalized_orders_dags.py", line 7, in <module>
    from scripts.load_raw_orders import load_raw_orders
ModuleNotFoundError: No module named 'scripts.load_raw_orders'
[2026-03-22T23:24:35.430+0000] {processor.py:842} WARNING - No viable dags retrieved from /opt/airflow/dags/normalized_orders_dags.py
[2026-03-22T23:24:35.459+0000] {processor.py:183} INFO - Processing /opt/airflow/dags/normalized_orders_dags.py took 0.051 seconds
[2026-03-22T23:25:05.649+0000] {processor.py:161} INFO - Started process (PID=183) to work on /opt/airflow/dags/normalized_orders_dags.py
[2026-03-22T23:25:05.652+0000] {processor.py:830} INFO - Processing file /opt/airflow/dags/normalized_orders_dags.py for tasks to queue
[2026-03-22T23:25:05.655+0000] {logging_mixin.py:188} INFO - [2026-03-22T23:25:05.654+0000] {dagbag.py:545} INFO - Filling up the DagBag from /opt/airflow/dags/normalized_orders_dags.py
[2026-03-22T23:25:05.666+0000] {logging_mixin.py:188} INFO - [2026-03-22T23:25:05.664+0000] {dagbag.py:355} ERROR - Failed to import: /opt/airflow/dags/normalized_orders_dags.py
Traceback (most recent call last):
  File "/home/airflow/.local/lib/python3.9/site-packages/airflow/models/dagbag.py", line 351, in parse
    loader.exec_module(new_module)
  File "<frozen importlib._bootstrap_external>", line 850, in exec_module
  File "<frozen importlib._bootstrap>", line 228, in _call_with_frames_removed
  File "/opt/airflow/dags/normalized_orders_dags.py", line 7, in <module>
    from scripts.load_raw_orders import load_raw_orders
ModuleNotFoundError: No module named 'scripts.load_raw_orders'
[2026-03-22T23:25:05.666+0000] {processor.py:842} WARNING - No viable dags retrieved from /opt/airflow/dags/normalized_orders_dags.py
[2026-03-22T23:25:05.708+0000] {processor.py:183} INFO - Processing /opt/airflow/dags/normalized_orders_dags.py took 0.073 seconds
[2026-03-22T23:25:35.887+0000] {processor.py:161} INFO - Started process (PID=188) to work on /opt/airflow/dags/normalized_orders_dags.py
[2026-03-22T23:25:35.889+0000] {processor.py:830} INFO - Processing file /opt/airflow/dags/normalized_orders_dags.py for tasks to queue
[2026-03-22T23:25:35.895+0000] {logging_mixin.py:188} INFO - [2026-03-22T23:25:35.891+0000] {dagbag.py:545} INFO - Filling up the DagBag from /opt/airflow/dags/normalized_orders_dags.py
[2026-03-22T23:25:35.900+0000] {logging_mixin.py:188} INFO - [2026-03-22T23:25:35.900+0000] {dagbag.py:355} ERROR - Failed to import: /opt/airflow/dags/normalized_orders_dags.py
Traceback (most recent call last):
  File "/home/airflow/.local/lib/python3.9/site-packages/airflow/models/dagbag.py", line 351, in parse
    loader.exec_module(new_module)
  File "<frozen importlib._bootstrap_external>", line 850, in exec_module
  File "<frozen importlib._bootstrap>", line 228, in _call_with_frames_removed
  File "/opt/airflow/dags/normalized_orders_dags.py", line 7, in <module>
    from scripts.load_raw_orders import load_raw_orders
ModuleNotFoundError: No module named 'scripts.load_raw_orders'
[2026-03-22T23:25:35.901+0000] {processor.py:842} WARNING - No viable dags retrieved from /opt/airflow/dags/normalized_orders_dags.py
[2026-03-22T23:25:35.922+0000] {processor.py:183} INFO - Processing /opt/airflow/dags/normalized_orders_dags.py took 0.042 seconds
[2026-03-22T23:26:06.172+0000] {processor.py:161} INFO - Started process (PID=193) to work on /opt/airflow/dags/normalized_orders_dags.py
[2026-03-22T23:26:06.173+0000] {processor.py:830} INFO - Processing file /opt/airflow/dags/normalized_orders_dags.py for tasks to queue
[2026-03-22T23:26:06.178+0000] {logging_mixin.py:188} INFO - [2026-03-22T23:26:06.177+0000] {dagbag.py:545} INFO - Filling up the DagBag from /opt/airflow/dags/normalized_orders_dags.py
[2026-03-22T23:26:06.185+0000] {logging_mixin.py:188} INFO - [2026-03-22T23:26:06.184+0000] {dagbag.py:355} ERROR - Failed to import: /opt/airflow/dags/normalized_orders_dags.py
Traceback (most recent call last):
  File "/home/airflow/.local/lib/python3.9/site-packages/airflow/models/dagbag.py", line 351, in parse
    loader.exec_module(new_module)
  File "<frozen importlib._bootstrap_external>", line 850, in exec_module
  File "<frozen importlib._bootstrap>", line 228, in _call_with_frames_removed
  File "/opt/airflow/dags/normalized_orders_dags.py", line 7, in <module>
    from scripts.load_raw_orders import load_raw_orders
ModuleNotFoundError: No module named 'scripts.load_raw_orders'
[2026-03-22T23:26:06.185+0000] {processor.py:842} WARNING - No viable dags retrieved from /opt/airflow/dags/normalized_orders_dags.py
[2026-03-22T23:26:06.211+0000] {processor.py:183} INFO - Processing /opt/airflow/dags/normalized_orders_dags.py took 0.046 seconds
[2026-03-22T23:26:24.310+0000] {processor.py:161} INFO - Started process (PID=198) to work on /opt/airflow/dags/normalized_orders_dags.py
[2026-03-22T23:26:24.311+0000] {processor.py:830} INFO - Processing file /opt/airflow/dags/normalized_orders_dags.py for tasks to queue
[2026-03-22T23:26:24.312+0000] {logging_mixin.py:188} INFO - [2026-03-22T23:26:24.312+0000] {dagbag.py:545} INFO - Filling up the DagBag from /opt/airflow/dags/normalized_orders_dags.py
[2026-03-22T23:26:24.316+0000] {logging_mixin.py:188} INFO - [2026-03-22T23:26:24.316+0000] {dagbag.py:355} ERROR - Failed to import: /opt/airflow/dags/normalized_orders_dags.py
Traceback (most recent call last):
  File "/home/airflow/.local/lib/python3.9/site-packages/airflow/models/dagbag.py", line 351, in parse
    loader.exec_module(new_module)
  File "<frozen importlib._bootstrap_external>", line 850, in exec_module
  File "<frozen importlib._bootstrap>", line 228, in _call_with_frames_removed
  File "/opt/airflow/dags/normalized_orders_dags.py", line 7, in <module>
    from scripts.load_raw_orders import load_raw_orders
ModuleNotFoundError: No module named 'scripts.load_raw_orders'
[2026-03-22T23:26:24.317+0000] {processor.py:842} WARNING - No viable dags retrieved from /opt/airflow/dags/normalized_orders_dags.py
[2026-03-22T23:26:24.331+0000] {processor.py:183} INFO - Processing /opt/airflow/dags/normalized_orders_dags.py took 0.026 seconds
[2026-03-22T23:26:54.651+0000] {processor.py:161} INFO - Started process (PID=203) to work on /opt/airflow/dags/normalized_orders_dags.py
[2026-03-22T23:26:54.652+0000] {processor.py:830} INFO - Processing file /opt/airflow/dags/normalized_orders_dags.py for tasks to queue
[2026-03-22T23:26:54.656+0000] {logging_mixin.py:188} INFO - [2026-03-22T23:26:54.654+0000] {dagbag.py:545} INFO - Filling up the DagBag from /opt/airflow/dags/normalized_orders_dags.py
[2026-03-22T23:26:54.664+0000] {logging_mixin.py:188} INFO - [2026-03-22T23:26:54.663+0000] {dagbag.py:355} ERROR - Failed to import: /opt/airflow/dags/normalized_orders_dags.py
Traceback (most recent call last):
  File "/home/airflow/.local/lib/python3.9/site-packages/airflow/models/dagbag.py", line 351, in parse
    loader.exec_module(new_module)
  File "<frozen importlib._bootstrap_external>", line 850, in exec_module
  File "<frozen importlib._bootstrap>", line 228, in _call_with_frames_removed
  File "/opt/airflow/dags/normalized_orders_dags.py", line 7, in <module>
    from scripts.load_raw_orders import load_raw_orders
ModuleNotFoundError: No module named 'scripts.load_raw_orders'
[2026-03-22T23:26:54.664+0000] {processor.py:842} WARNING - No viable dags retrieved from /opt/airflow/dags/normalized_orders_dags.py
[2026-03-22T23:26:54.691+0000] {processor.py:183} INFO - Processing /opt/airflow/dags/normalized_orders_dags.py took 0.051 seconds
[2026-03-22T23:27:24.885+0000] {processor.py:161} INFO - Started process (PID=208) to work on /opt/airflow/dags/normalized_orders_dags.py
[2026-03-22T23:27:24.887+0000] {processor.py:830} INFO - Processing file /opt/airflow/dags/normalized_orders_dags.py for tasks to queue
[2026-03-22T23:27:24.890+0000] {logging_mixin.py:188} INFO - [2026-03-22T23:27:24.890+0000] {dagbag.py:545} INFO - Filling up the DagBag from /opt/airflow/dags/normalized_orders_dags.py
[2026-03-22T23:27:24.898+0000] {logging_mixin.py:188} INFO - [2026-03-22T23:27:24.896+0000] {dagbag.py:355} ERROR - Failed to import: /opt/airflow/dags/normalized_orders_dags.py
Traceback (most recent call last):
  File "/home/airflow/.local/lib/python3.9/site-packages/airflow/models/dagbag.py", line 351, in parse
    loader.exec_module(new_module)
  File "<frozen importlib._bootstrap_external>", line 850, in exec_module
  File "<frozen importlib._bootstrap>", line 228, in _call_with_frames_removed
  File "/opt/airflow/dags/normalized_orders_dags.py", line 7, in <module>
    from scripts.load_raw_orders import load_raw_orders
ModuleNotFoundError: No module named 'scripts.load_raw_orders'
[2026-03-22T23:27:24.899+0000] {processor.py:842} WARNING - No viable dags retrieved from /opt/airflow/dags/normalized_orders_dags.py
[2026-03-22T23:27:24.925+0000] {processor.py:183} INFO - Processing /opt/airflow/dags/normalized_orders_dags.py took 0.050 seconds
[2026-03-22T23:27:36.042+0000] {processor.py:161} INFO - Started process (PID=213) to work on /opt/airflow/dags/normalized_orders_dags.py
[2026-03-22T23:27:36.044+0000] {processor.py:830} INFO - Processing file /opt/airflow/dags/normalized_orders_dags.py for tasks to queue
[2026-03-22T23:27:36.047+0000] {logging_mixin.py:188} INFO - [2026-03-22T23:27:36.046+0000] {dagbag.py:545} INFO - Filling up the DagBag from /opt/airflow/dags/normalized_orders_dags.py
[2026-03-22T23:27:36.054+0000] {logging_mixin.py:188} INFO - [2026-03-22T23:27:36.053+0000] {dagbag.py:355} ERROR - Failed to import: /opt/airflow/dags/normalized_orders_dags.py
Traceback (most recent call last):
  File "/home/airflow/.local/lib/python3.9/site-packages/airflow/models/dagbag.py", line 351, in parse
    loader.exec_module(new_module)
  File "<frozen importlib._bootstrap_external>", line 850, in exec_module
  File "<frozen importlib._bootstrap>", line 228, in _call_with_frames_removed
  File "/opt/airflow/dags/normalized_orders_dags.py", line 7, in <module>
    from scripts.load_raw_orders import load_raw_orders
ModuleNotFoundError: No module named 'scripts.load_raw_orders'
[2026-03-22T23:27:36.054+0000] {processor.py:842} WARNING - No viable dags retrieved from /opt/airflow/dags/normalized_orders_dags.py
[2026-03-22T23:27:36.099+0000] {processor.py:183} INFO - Processing /opt/airflow/dags/normalized_orders_dags.py took 0.067 seconds
[2026-03-22T23:28:06.353+0000] {processor.py:161} INFO - Started process (PID=218) to work on /opt/airflow/dags/normalized_orders_dags.py
[2026-03-22T23:28:06.354+0000] {processor.py:830} INFO - Processing file /opt/airflow/dags/normalized_orders_dags.py for tasks to queue
[2026-03-22T23:28:06.355+0000] {logging_mixin.py:188} INFO - [2026-03-22T23:28:06.355+0000] {dagbag.py:545} INFO - Filling up the DagBag from /opt/airflow/dags/normalized_orders_dags.py
[2026-03-22T23:28:06.360+0000] {logging_mixin.py:188} INFO - [2026-03-22T23:28:06.359+0000] {dagbag.py:355} ERROR - Failed to import: /opt/airflow/dags/normalized_orders_dags.py
Traceback (most recent call last):
  File "/home/airflow/.local/lib/python3.9/site-packages/airflow/models/dagbag.py", line 351, in parse
    loader.exec_module(new_module)
  File "<frozen importlib._bootstrap_external>", line 850, in exec_module
  File "<frozen importlib._bootstrap>", line 228, in _call_with_frames_removed
  File "/opt/airflow/dags/normalized_orders_dags.py", line 7, in <module>
    from scripts.load_raw_orders import load_raw_orders
ModuleNotFoundError: No module named 'scripts.load_raw_orders'
[2026-03-22T23:28:06.361+0000] {processor.py:842} WARNING - No viable dags retrieved from /opt/airflow/dags/normalized_orders_dags.py
[2026-03-22T23:28:06.380+0000] {processor.py:183} INFO - Processing /opt/airflow/dags/normalized_orders_dags.py took 0.034 seconds
[2026-03-22T23:28:36.663+0000] {processor.py:161} INFO - Started process (PID=223) to work on /opt/airflow/dags/normalized_orders_dags.py
[2026-03-22T23:28:36.666+0000] {processor.py:830} INFO - Processing file /opt/airflow/dags/normalized_orders_dags.py for tasks to queue
[2026-03-22T23:28:36.671+0000] {logging_mixin.py:188} INFO - [2026-03-22T23:28:36.671+0000] {dagbag.py:545} INFO - Filling up the DagBag from /opt/airflow/dags/normalized_orders_dags.py
[2026-03-22T23:28:36.679+0000] {logging_mixin.py:188} INFO - [2026-03-22T23:28:36.677+0000] {dagbag.py:355} ERROR - Failed to import: /opt/airflow/dags/normalized_orders_dags.py
Traceback (most recent call last):
  File "/home/airflow/.local/lib/python3.9/site-packages/airflow/models/dagbag.py", line 351, in parse
    loader.exec_module(new_module)
  File "<frozen importlib._bootstrap_external>", line 850, in exec_module
  File "<frozen importlib._bootstrap>", line 228, in _call_with_frames_removed
  File "/opt/airflow/dags/normalized_orders_dags.py", line 7, in <module>
    from scripts.load_raw_orders import load_raw_orders
ModuleNotFoundError: No module named 'scripts.load_raw_orders'
[2026-03-22T23:28:36.680+0000] {processor.py:842} WARNING - No viable dags retrieved from /opt/airflow/dags/normalized_orders_dags.py
[2026-03-22T23:28:36.713+0000] {processor.py:183} INFO - Processing /opt/airflow/dags/normalized_orders_dags.py took 0.072 seconds
[2026-03-22T23:29:06.863+0000] {processor.py:161} INFO - Started process (PID=228) to work on /opt/airflow/dags/normalized_orders_dags.py
[2026-03-22T23:29:06.865+0000] {processor.py:830} INFO - Processing file /opt/airflow/dags/normalized_orders_dags.py for tasks to queue
[2026-03-22T23:29:06.868+0000] {logging_mixin.py:188} INFO - [2026-03-22T23:29:06.868+0000] {dagbag.py:545} INFO - Filling up the DagBag from /opt/airflow/dags/normalized_orders_dags.py
[2026-03-22T23:29:06.874+0000] {logging_mixin.py:188} INFO - [2026-03-22T23:29:06.873+0000] {dagbag.py:355} ERROR - Failed to import: /opt/airflow/dags/normalized_orders_dags.py
Traceback (most recent call last):
  File "/home/airflow/.local/lib/python3.9/site-packages/airflow/models/dagbag.py", line 351, in parse
    loader.exec_module(new_module)
  File "<frozen importlib._bootstrap_external>", line 850, in exec_module
  File "<frozen importlib._bootstrap>", line 228, in _call_with_frames_removed
  File "/opt/airflow/dags/normalized_orders_dags.py", line 7, in <module>
    from scripts.load_raw_orders import load_raw_orders
ModuleNotFoundError: No module named 'scripts.load_raw_orders'
[2026-03-22T23:29:06.874+0000] {processor.py:842} WARNING - No viable dags retrieved from /opt/airflow/dags/normalized_orders_dags.py
[2026-03-22T23:29:06.894+0000] {processor.py:183} INFO - Processing /opt/airflow/dags/normalized_orders_dags.py took 0.046 seconds
[2026-03-22T23:29:19.961+0000] {processor.py:161} INFO - Started process (PID=233) to work on /opt/airflow/dags/normalized_orders_dags.py
[2026-03-22T23:29:19.967+0000] {processor.py:830} INFO - Processing file /opt/airflow/dags/normalized_orders_dags.py for tasks to queue
[2026-03-22T23:29:19.969+0000] {logging_mixin.py:188} INFO - [2026-03-22T23:29:19.968+0000] {dagbag.py:545} INFO - Filling up the DagBag from /opt/airflow/dags/normalized_orders_dags.py
[2026-03-22T23:29:19.974+0000] {logging_mixin.py:188} INFO - [2026-03-22T23:29:19.973+0000] {dagbag.py:355} ERROR - Failed to import: /opt/airflow/dags/normalized_orders_dags.py
Traceback (most recent call last):
  File "/home/airflow/.local/lib/python3.9/site-packages/airflow/models/dagbag.py", line 351, in parse
    loader.exec_module(new_module)
  File "<frozen importlib._bootstrap_external>", line 850, in exec_module
  File "<frozen importlib._bootstrap>", line 228, in _call_with_frames_removed
  File "/opt/airflow/dags/normalized_orders_dags.py", line 7, in <module>
    from scripts.load_raw_orders import load_raw_orders
ModuleNotFoundError: No module named 'scripts.load_raw_orders'
[2026-03-22T23:29:19.974+0000] {processor.py:842} WARNING - No viable dags retrieved from /opt/airflow/dags/normalized_orders_dags.py
[2026-03-22T23:29:19.989+0000] {processor.py:183} INFO - Processing /opt/airflow/dags/normalized_orders_dags.py took 0.035 seconds
[2026-03-22T23:29:50.242+0000] {processor.py:161} INFO - Started process (PID=238) to work on /opt/airflow/dags/normalized_orders_dags.py
[2026-03-22T23:29:50.244+0000] {processor.py:830} INFO - Processing file /opt/airflow/dags/normalized_orders_dags.py for tasks to queue
[2026-03-22T23:29:50.247+0000] {logging_mixin.py:188} INFO - [2026-03-22T23:29:50.246+0000] {dagbag.py:545} INFO - Filling up the DagBag from /opt/airflow/dags/normalized_orders_dags.py
[2026-03-22T23:29:50.255+0000] {logging_mixin.py:188} INFO - [2026-03-22T23:29:50.253+0000] {dagbag.py:355} ERROR - Failed to import: /opt/airflow/dags/normalized_orders_dags.py
Traceback (most recent call last):
  File "/home/airflow/.local/lib/python3.9/site-packages/airflow/models/dagbag.py", line 351, in parse
    loader.exec_module(new_module)
  File "<frozen importlib._bootstrap_external>", line 850, in exec_module
  File "<frozen importlib._bootstrap>", line 228, in _call_with_frames_removed
  File "/opt/airflow/dags/normalized_orders_dags.py", line 7, in <module>
    from scripts.load_raw_orders import load_raw_orders
ModuleNotFoundError: No module named 'scripts.load_raw_orders'
[2026-03-22T23:29:50.255+0000] {processor.py:842} WARNING - No viable dags retrieved from /opt/airflow/dags/normalized_orders_dags.py
[2026-03-22T23:29:50.276+0000] {processor.py:183} INFO - Processing /opt/airflow/dags/normalized_orders_dags.py took 0.044 seconds
[2026-03-22T23:30:20.480+0000] {processor.py:161} INFO - Started process (PID=243) to work on /opt/airflow/dags/normalized_orders_dags.py
[2026-03-22T23:30:20.481+0000] {processor.py:830} INFO - Processing file /opt/airflow/dags/normalized_orders_dags.py for tasks to queue
[2026-03-22T23:30:20.482+0000] {logging_mixin.py:188} INFO - [2026-03-22T23:30:20.481+0000] {dagbag.py:545} INFO - Filling up the DagBag from /opt/airflow/dags/normalized_orders_dags.py
[2026-03-22T23:30:20.485+0000] {logging_mixin.py:188} INFO - [2026-03-22T23:30:20.484+0000] {dagbag.py:355} ERROR - Failed to import: /opt/airflow/dags/normalized_orders_dags.py
Traceback (most recent call last):
  File "/home/airflow/.local/lib/python3.9/site-packages/airflow/models/dagbag.py", line 351, in parse
    loader.exec_module(new_module)
  File "<frozen importlib._bootstrap_external>", line 850, in exec_module
  File "<frozen importlib._bootstrap>", line 228, in _call_with_frames_removed
  File "/opt/airflow/dags/normalized_orders_dags.py", line 7, in <module>
    from scripts.load_raw_orders import load_raw_orders
ModuleNotFoundError: No module named 'scripts.load_raw_orders'
[2026-03-22T23:30:20.485+0000] {processor.py:842} WARNING - No viable dags retrieved from /opt/airflow/dags/normalized_orders_dags.py
[2026-03-22T23:30:20.497+0000] {processor.py:183} INFO - Processing /opt/airflow/dags/normalized_orders_dags.py took 0.020 seconds
[2026-03-22T23:30:50.816+0000] {processor.py:161} INFO - Started process (PID=248) to work on /opt/airflow/dags/normalized_orders_dags.py
[2026-03-22T23:30:50.817+0000] {processor.py:830} INFO - Processing file /opt/airflow/dags/normalized_orders_dags.py for tasks to queue
[2026-03-22T23:30:50.820+0000] {logging_mixin.py:188} INFO - [2026-03-22T23:30:50.820+0000] {dagbag.py:545} INFO - Filling up the DagBag from /opt/airflow/dags/normalized_orders_dags.py
[2026-03-22T23:30:50.831+0000] {logging_mixin.py:188} INFO - [2026-03-22T23:30:50.830+0000] {dagbag.py:355} ERROR - Failed to import: /opt/airflow/dags/normalized_orders_dags.py
Traceback (most recent call last):
  File "/home/airflow/.local/lib/python3.9/site-packages/airflow/models/dagbag.py", line 351, in parse
    loader.exec_module(new_module)
  File "<frozen importlib._bootstrap_external>", line 850, in exec_module
  File "<frozen importlib._bootstrap>", line 228, in _call_with_frames_removed
  File "/opt/airflow/dags/normalized_orders_dags.py", line 7, in <module>
    from scripts.load_raw_orders import load_raw_orders
ModuleNotFoundError: No module named 'scripts.load_raw_orders'
[2026-03-22T23:30:50.831+0000] {processor.py:842} WARNING - No viable dags retrieved from /opt/airflow/dags/normalized_orders_dags.py
[2026-03-22T23:30:50.856+0000] {processor.py:183} INFO - Processing /opt/airflow/dags/normalized_orders_dags.py took 0.052 seconds
[2026-03-22T23:31:21.100+0000] {processor.py:161} INFO - Started process (PID=253) to work on /opt/airflow/dags/normalized_orders_dags.py
[2026-03-22T23:31:21.103+0000] {processor.py:830} INFO - Processing file /opt/airflow/dags/normalized_orders_dags.py for tasks to queue
[2026-03-22T23:31:21.105+0000] {logging_mixin.py:188} INFO - [2026-03-22T23:31:21.104+0000] {dagbag.py:545} INFO - Filling up the DagBag from /opt/airflow/dags/normalized_orders_dags.py
[2026-03-22T23:31:21.112+0000] {logging_mixin.py:188} INFO - [2026-03-22T23:31:21.111+0000] {dagbag.py:355} ERROR - Failed to import: /opt/airflow/dags/normalized_orders_dags.py
Traceback (most recent call last):
  File "/home/airflow/.local/lib/python3.9/site-packages/airflow/models/dagbag.py", line 351, in parse
    loader.exec_module(new_module)
  File "<frozen importlib._bootstrap_external>", line 850, in exec_module
  File "<frozen importlib._bootstrap>", line 228, in _call_with_frames_removed
  File "/opt/airflow/dags/normalized_orders_dags.py", line 7, in <module>
    from scripts.load_raw_orders import load_raw_orders
ModuleNotFoundError: No module named 'scripts.load_raw_orders'
[2026-03-22T23:31:21.112+0000] {processor.py:842} WARNING - No viable dags retrieved from /opt/airflow/dags/normalized_orders_dags.py
[2026-03-22T23:31:21.135+0000] {processor.py:183} INFO - Processing /opt/airflow/dags/normalized_orders_dags.py took 0.047 seconds
[2026-03-22T23:31:51.394+0000] {processor.py:161} INFO - Started process (PID=258) to work on /opt/airflow/dags/normalized_orders_dags.py
[2026-03-22T23:31:51.397+0000] {processor.py:830} INFO - Processing file /opt/airflow/dags/normalized_orders_dags.py for tasks to queue
[2026-03-22T23:31:51.400+0000] {logging_mixin.py:188} INFO - [2026-03-22T23:31:51.400+0000] {dagbag.py:545} INFO - Filling up the DagBag from /opt/airflow/dags/normalized_orders_dags.py
[2026-03-22T23:31:51.410+0000] {logging_mixin.py:188} INFO - [2026-03-22T23:31:51.409+0000] {dagbag.py:355} ERROR - Failed to import: /opt/airflow/dags/normalized_orders_dags.py
Traceback (most recent call last):
  File "/home/airflow/.local/lib/python3.9/site-packages/airflow/models/dagbag.py", line 351, in parse
    loader.exec_module(new_module)
  File "<frozen importlib._bootstrap_external>", line 850, in exec_module
  File "<frozen importlib._bootstrap>", line 228, in _call_with_frames_removed
  File "/opt/airflow/dags/normalized_orders_dags.py", line 7, in <module>
    from scripts.load_raw_orders import load_raw_orders
ModuleNotFoundError: No module named 'scripts.load_raw_orders'
[2026-03-22T23:31:51.410+0000] {processor.py:842} WARNING - No viable dags retrieved from /opt/airflow/dags/normalized_orders_dags.py
[2026-03-22T23:31:51.430+0000] {processor.py:183} INFO - Processing /opt/airflow/dags/normalized_orders_dags.py took 0.048 seconds
[2026-03-22T23:32:22.000+0000] {processor.py:161} INFO - Started process (PID=263) to work on /opt/airflow/dags/normalized_orders_dags.py
[2026-03-22T23:32:22.001+0000] {processor.py:830} INFO - Processing file /opt/airflow/dags/normalized_orders_dags.py for tasks to queue
[2026-03-22T23:32:22.004+0000] {logging_mixin.py:188} INFO - [2026-03-22T23:32:22.003+0000] {dagbag.py:545} INFO - Filling up the DagBag from /opt/airflow/dags/normalized_orders_dags.py
[2026-03-22T23:32:22.013+0000] {logging_mixin.py:188} INFO - [2026-03-22T23:32:22.011+0000] {dagbag.py:355} ERROR - Failed to import: /opt/airflow/dags/normalized_orders_dags.py
Traceback (most recent call last):
  File "/home/airflow/.local/lib/python3.9/site-packages/airflow/models/dagbag.py", line 351, in parse
    loader.exec_module(new_module)
  File "<frozen importlib._bootstrap_external>", line 850, in exec_module
  File "<frozen importlib._bootstrap>", line 228, in _call_with_frames_removed
  File "/opt/airflow/dags/normalized_orders_dags.py", line 7, in <module>
    from scripts.load_raw_orders import load_raw_orders
ModuleNotFoundError: No module named 'scripts.load_raw_orders'
[2026-03-22T23:32:22.014+0000] {processor.py:842} WARNING - No viable dags retrieved from /opt/airflow/dags/normalized_orders_dags.py
[2026-03-22T23:32:22.044+0000] {processor.py:183} INFO - Processing /opt/airflow/dags/normalized_orders_dags.py took 0.053 seconds
[2026-03-22T23:32:52.297+0000] {processor.py:161} INFO - Started process (PID=268) to work on /opt/airflow/dags/normalized_orders_dags.py
[2026-03-22T23:32:52.298+0000] {processor.py:830} INFO - Processing file /opt/airflow/dags/normalized_orders_dags.py for tasks to queue
[2026-03-22T23:32:52.300+0000] {logging_mixin.py:188} INFO - [2026-03-22T23:32:52.300+0000] {dagbag.py:545} INFO - Filling up the DagBag from /opt/airflow/dags/normalized_orders_dags.py
[2026-03-22T23:32:52.310+0000] {logging_mixin.py:188} INFO - [2026-03-22T23:32:52.309+0000] {dagbag.py:355} ERROR - Failed to import: /opt/airflow/dags/normalized_orders_dags.py
Traceback (most recent call last):
  File "/home/airflow/.local/lib/python3.9/site-packages/airflow/models/dagbag.py", line 351, in parse
    loader.exec_module(new_module)
  File "<frozen importlib._bootstrap_external>", line 850, in exec_module
  File "<frozen importlib._bootstrap>", line 228, in _call_with_frames_removed
  File "/opt/airflow/dags/normalized_orders_dags.py", line 7, in <module>
    from scripts.load_raw_orders import load_raw_orders
ModuleNotFoundError: No module named 'scripts.load_raw_orders'
[2026-03-22T23:32:52.310+0000] {processor.py:842} WARNING - No viable dags retrieved from /opt/airflow/dags/normalized_orders_dags.py
[2026-03-22T23:32:52.327+0000] {processor.py:183} INFO - Processing /opt/airflow/dags/normalized_orders_dags.py took 0.039 seconds
[2026-03-22T23:33:25.343+0000] {processor.py:161} INFO - Started process (PID=273) to work on /opt/airflow/dags/normalized_orders_dags.py
[2026-03-22T23:33:25.346+0000] {processor.py:830} INFO - Processing file /opt/airflow/dags/normalized_orders_dags.py for tasks to queue
[2026-03-22T23:33:25.348+0000] {logging_mixin.py:188} INFO - [2026-03-22T23:33:25.348+0000] {dagbag.py:545} INFO - Filling up the DagBag from /opt/airflow/dags/normalized_orders_dags.py
[2026-03-22T23:33:25.356+0000] {logging_mixin.py:188} INFO - [2026-03-22T23:33:25.354+0000] {dagbag.py:355} ERROR - Failed to import: /opt/airflow/dags/normalized_orders_dags.py
Traceback (most recent call last):
  File "/home/airflow/.local/lib/python3.9/site-packages/airflow/models/dagbag.py", line 351, in parse
    loader.exec_module(new_module)
  File "<frozen importlib._bootstrap_external>", line 850, in exec_module
  File "<frozen importlib._bootstrap>", line 228, in _call_with_frames_removed
  File "/opt/airflow/dags/normalized_orders_dags.py", line 7, in <module>
    from scripts.load_raw_orders import load_raw_orders
ModuleNotFoundError: No module named 'scripts.load_raw_orders'
[2026-03-22T23:33:25.356+0000] {processor.py:842} WARNING - No viable dags retrieved from /opt/airflow/dags/normalized_orders_dags.py
[2026-03-22T23:33:25.387+0000] {processor.py:183} INFO - Processing /opt/airflow/dags/normalized_orders_dags.py took 0.056 seconds
[2026-03-22T23:33:55.614+0000] {processor.py:161} INFO - Started process (PID=278) to work on /opt/airflow/dags/normalized_orders_dags.py
[2026-03-22T23:33:55.616+0000] {processor.py:830} INFO - Processing file /opt/airflow/dags/normalized_orders_dags.py for tasks to queue
[2026-03-22T23:33:55.622+0000] {logging_mixin.py:188} INFO - [2026-03-22T23:33:55.621+0000] {dagbag.py:545} INFO - Filling up the DagBag from /opt/airflow/dags/normalized_orders_dags.py
[2026-03-22T23:33:55.630+0000] {logging_mixin.py:188} INFO - [2026-03-22T23:33:55.628+0000] {dagbag.py:355} ERROR - Failed to import: /opt/airflow/dags/normalized_orders_dags.py
Traceback (most recent call last):
  File "/home/airflow/.local/lib/python3.9/site-packages/airflow/models/dagbag.py", line 351, in parse
    loader.exec_module(new_module)
  File "<frozen importlib._bootstrap_external>", line 850, in exec_module
  File "<frozen importlib._bootstrap>", line 228, in _call_with_frames_removed
  File "/opt/airflow/dags/normalized_orders_dags.py", line 7, in <module>
    from scripts.load_raw_orders import load_raw_orders
ModuleNotFoundError: No module named 'scripts.load_raw_orders'
[2026-03-22T23:33:55.630+0000] {processor.py:842} WARNING - No viable dags retrieved from /opt/airflow/dags/normalized_orders_dags.py
[2026-03-22T23:33:55.661+0000] {processor.py:183} INFO - Processing /opt/airflow/dags/normalized_orders_dags.py took 0.061 seconds
[2026-03-22T23:34:25.901+0000] {processor.py:161} INFO - Started process (PID=283) to work on /opt/airflow/dags/normalized_orders_dags.py
[2026-03-22T23:34:25.903+0000] {processor.py:830} INFO - Processing file /opt/airflow/dags/normalized_orders_dags.py for tasks to queue
[2026-03-22T23:34:25.908+0000] {logging_mixin.py:188} INFO - [2026-03-22T23:34:25.907+0000] {dagbag.py:545} INFO - Filling up the DagBag from /opt/airflow/dags/normalized_orders_dags.py
[2026-03-22T23:34:25.917+0000] {logging_mixin.py:188} INFO - [2026-03-22T23:34:25.915+0000] {dagbag.py:355} ERROR - Failed to import: /opt/airflow/dags/normalized_orders_dags.py
Traceback (most recent call last):
  File "/home/airflow/.local/lib/python3.9/site-packages/airflow/models/dagbag.py", line 351, in parse
    loader.exec_module(new_module)
  File "<frozen importlib._bootstrap_external>", line 850, in exec_module
  File "<frozen importlib._bootstrap>", line 228, in _call_with_frames_removed
  File "/opt/airflow/dags/normalized_orders_dags.py", line 7, in <module>
    from scripts.load_raw_orders import load_raw_orders
ModuleNotFoundError: No module named 'scripts.load_raw_orders'
[2026-03-22T23:34:25.917+0000] {processor.py:842} WARNING - No viable dags retrieved from /opt/airflow/dags/normalized_orders_dags.py
[2026-03-22T23:34:25.950+0000] {processor.py:183} INFO - Processing /opt/airflow/dags/normalized_orders_dags.py took 0.063 seconds
[2026-03-22T23:34:56.133+0000] {processor.py:161} INFO - Started process (PID=288) to work on /opt/airflow/dags/normalized_orders_dags.py
[2026-03-22T23:34:56.135+0000] {processor.py:830} INFO - Processing file /opt/airflow/dags/normalized_orders_dags.py for tasks to queue
[2026-03-22T23:34:56.137+0000] {logging_mixin.py:188} INFO - [2026-03-22T23:34:56.136+0000] {dagbag.py:545} INFO - Filling up the DagBag from /opt/airflow/dags/normalized_orders_dags.py
[2026-03-22T23:34:56.143+0000] {logging_mixin.py:188} INFO - [2026-03-22T23:34:56.141+0000] {dagbag.py:355} ERROR - Failed to import: /opt/airflow/dags/normalized_orders_dags.py
Traceback (most recent call last):
  File "/home/airflow/.local/lib/python3.9/site-packages/airflow/models/dagbag.py", line 351, in parse
    loader.exec_module(new_module)
  File "<frozen importlib._bootstrap_external>", line 850, in exec_module
  File "<frozen importlib._bootstrap>", line 228, in _call_with_frames_removed
  File "/opt/airflow/dags/normalized_orders_dags.py", line 7, in <module>
    from scripts.load_raw_orders import load_raw_orders
ModuleNotFoundError: No module named 'scripts.load_raw_orders'
[2026-03-22T23:34:56.144+0000] {processor.py:842} WARNING - No viable dags retrieved from /opt/airflow/dags/normalized_orders_dags.py
[2026-03-22T23:34:56.172+0000] {processor.py:183} INFO - Processing /opt/airflow/dags/normalized_orders_dags.py took 0.047 seconds
[2026-03-22T23:35:26.321+0000] {processor.py:161} INFO - Started process (PID=293) to work on /opt/airflow/dags/normalized_orders_dags.py
[2026-03-22T23:35:26.322+0000] {processor.py:830} INFO - Processing file /opt/airflow/dags/normalized_orders_dags.py for tasks to queue
[2026-03-22T23:35:26.323+0000] {logging_mixin.py:188} INFO - [2026-03-22T23:35:26.323+0000] {dagbag.py:545} INFO - Filling up the DagBag from /opt/airflow/dags/normalized_orders_dags.py
[2026-03-22T23:35:26.326+0000] {logging_mixin.py:188} INFO - [2026-03-22T23:35:26.325+0000] {dagbag.py:355} ERROR - Failed to import: /opt/airflow/dags/normalized_orders_dags.py
Traceback (most recent call last):
  File "/home/airflow/.local/lib/python3.9/site-packages/airflow/models/dagbag.py", line 351, in parse
    loader.exec_module(new_module)
  File "<frozen importlib._bootstrap_external>", line 850, in exec_module
  File "<frozen importlib._bootstrap>", line 228, in _call_with_frames_removed
  File "/opt/airflow/dags/normalized_orders_dags.py", line 7, in <module>
    from scripts.load_raw_orders import load_raw_orders
ModuleNotFoundError: No module named 'scripts.load_raw_orders'
[2026-03-22T23:35:26.326+0000] {processor.py:842} WARNING - No viable dags retrieved from /opt/airflow/dags/normalized_orders_dags.py
[2026-03-22T23:35:26.338+0000] {processor.py:183} INFO - Processing /opt/airflow/dags/normalized_orders_dags.py took 0.025 seconds
[2026-03-22T23:35:56.548+0000] {processor.py:161} INFO - Started process (PID=298) to work on /opt/airflow/dags/normalized_orders_dags.py
[2026-03-22T23:35:56.548+0000] {processor.py:830} INFO - Processing file /opt/airflow/dags/normalized_orders_dags.py for tasks to queue
[2026-03-22T23:35:56.550+0000] {logging_mixin.py:188} INFO - [2026-03-22T23:35:56.550+0000] {dagbag.py:545} INFO - Filling up the DagBag from /opt/airflow/dags/normalized_orders_dags.py
[2026-03-22T23:35:56.558+0000] {logging_mixin.py:188} INFO - [2026-03-22T23:35:56.557+0000] {dagbag.py:355} ERROR - Failed to import: /opt/airflow/dags/normalized_orders_dags.py
Traceback (most recent call last):
  File "/home/airflow/.local/lib/python3.9/site-packages/airflow/models/dagbag.py", line 351, in parse
    loader.exec_module(new_module)
  File "<frozen importlib._bootstrap_external>", line 850, in exec_module
  File "<frozen importlib._bootstrap>", line 228, in _call_with_frames_removed
  File "/opt/airflow/dags/normalized_orders_dags.py", line 7, in <module>
    from scripts.load_raw_orders import load_raw_orders
ModuleNotFoundError: No module named 'scripts.load_raw_orders'
[2026-03-22T23:35:56.559+0000] {processor.py:842} WARNING - No viable dags retrieved from /opt/airflow/dags/normalized_orders_dags.py
[2026-03-22T23:35:56.582+0000] {processor.py:183} INFO - Processing /opt/airflow/dags/normalized_orders_dags.py took 0.041 seconds
[2026-03-22T23:36:26.917+0000] {processor.py:161} INFO - Started process (PID=303) to work on /opt/airflow/dags/normalized_orders_dags.py
[2026-03-22T23:36:26.919+0000] {processor.py:830} INFO - Processing file /opt/airflow/dags/normalized_orders_dags.py for tasks to queue
[2026-03-22T23:36:26.921+0000] {logging_mixin.py:188} INFO - [2026-03-22T23:36:26.921+0000] {dagbag.py:545} INFO - Filling up the DagBag from /opt/airflow/dags/normalized_orders_dags.py
[2026-03-22T23:36:26.928+0000] {logging_mixin.py:188} INFO - [2026-03-22T23:36:26.926+0000] {dagbag.py:355} ERROR - Failed to import: /opt/airflow/dags/normalized_orders_dags.py
Traceback (most recent call last):
  File "/home/airflow/.local/lib/python3.9/site-packages/airflow/models/dagbag.py", line 351, in parse
    loader.exec_module(new_module)
  File "<frozen importlib._bootstrap_external>", line 850, in exec_module
  File "<frozen importlib._bootstrap>", line 228, in _call_with_frames_removed
  File "/opt/airflow/dags/normalized_orders_dags.py", line 7, in <module>
    from scripts.load_raw_orders import load_raw_orders
ModuleNotFoundError: No module named 'scripts.load_raw_orders'
[2026-03-22T23:36:26.929+0000] {processor.py:842} WARNING - No viable dags retrieved from /opt/airflow/dags/normalized_orders_dags.py
[2026-03-22T23:36:26.951+0000] {processor.py:183} INFO - Processing /opt/airflow/dags/normalized_orders_dags.py took 0.044 seconds
[2026-03-22T23:36:57.706+0000] {processor.py:161} INFO - Started process (PID=308) to work on /opt/airflow/dags/normalized_orders_dags.py
[2026-03-22T23:36:57.707+0000] {processor.py:830} INFO - Processing file /opt/airflow/dags/normalized_orders_dags.py for tasks to queue
[2026-03-22T23:36:57.709+0000] {logging_mixin.py:188} INFO - [2026-03-22T23:36:57.708+0000] {dagbag.py:545} INFO - Filling up the DagBag from /opt/airflow/dags/normalized_orders_dags.py
[2026-03-22T23:36:57.717+0000] {logging_mixin.py:188} INFO - [2026-03-22T23:36:57.714+0000] {dagbag.py:355} ERROR - Failed to import: /opt/airflow/dags/normalized_orders_dags.py
Traceback (most recent call last):
  File "/home/airflow/.local/lib/python3.9/site-packages/airflow/models/dagbag.py", line 351, in parse
    loader.exec_module(new_module)
  File "<frozen importlib._bootstrap_external>", line 850, in exec_module
  File "<frozen importlib._bootstrap>", line 228, in _call_with_frames_removed
  File "/opt/airflow/dags/normalized_orders_dags.py", line 7, in <module>
    from scripts.load_raw_orders import load_raw_orders
ModuleNotFoundError: No module named 'scripts.load_raw_orders'
[2026-03-22T23:36:57.717+0000] {processor.py:842} WARNING - No viable dags retrieved from /opt/airflow/dags/normalized_orders_dags.py
[2026-03-22T23:36:57.737+0000] {processor.py:183} INFO - Processing /opt/airflow/dags/normalized_orders_dags.py took 0.040 seconds
[2026-03-22T23:37:27.967+0000] {processor.py:161} INFO - Started process (PID=313) to work on /opt/airflow/dags/normalized_orders_dags.py
[2026-03-22T23:37:27.969+0000] {processor.py:830} INFO - Processing file /opt/airflow/dags/normalized_orders_dags.py for tasks to queue
[2026-03-22T23:37:27.971+0000] {logging_mixin.py:188} INFO - [2026-03-22T23:37:27.971+0000] {dagbag.py:545} INFO - Filling up the DagBag from /opt/airflow/dags/normalized_orders_dags.py
[2026-03-22T23:37:27.978+0000] {logging_mixin.py:188} INFO - [2026-03-22T23:37:27.977+0000] {dagbag.py:355} ERROR - Failed to import: /opt/airflow/dags/normalized_orders_dags.py
Traceback (most recent call last):
  File "/home/airflow/.local/lib/python3.9/site-packages/airflow/models/dagbag.py", line 351, in parse
    loader.exec_module(new_module)
  File "<frozen importlib._bootstrap_external>", line 850, in exec_module
  File "<frozen importlib._bootstrap>", line 228, in _call_with_frames_removed
  File "/opt/airflow/dags/normalized_orders_dags.py", line 7, in <module>
    from scripts.load_raw_orders import load_raw_orders
ModuleNotFoundError: No module named 'scripts.load_raw_orders'
[2026-03-22T23:37:27.979+0000] {processor.py:842} WARNING - No viable dags retrieved from /opt/airflow/dags/normalized_orders_dags.py
[2026-03-22T23:37:28.002+0000] {processor.py:183} INFO - Processing /opt/airflow/dags/normalized_orders_dags.py took 0.044 seconds
[2026-03-22T23:37:58.197+0000] {processor.py:161} INFO - Started process (PID=318) to work on /opt/airflow/dags/normalized_orders_dags.py
[2026-03-22T23:37:58.198+0000] {processor.py:830} INFO - Processing file /opt/airflow/dags/normalized_orders_dags.py for tasks to queue
[2026-03-22T23:37:58.201+0000] {logging_mixin.py:188} INFO - [2026-03-22T23:37:58.200+0000] {dagbag.py:545} INFO - Filling up the DagBag from /opt/airflow/dags/normalized_orders_dags.py
[2026-03-22T23:37:58.207+0000] {logging_mixin.py:188} INFO - [2026-03-22T23:37:58.206+0000] {dagbag.py:355} ERROR - Failed to import: /opt/airflow/dags/normalized_orders_dags.py
Traceback (most recent call last):
  File "/home/airflow/.local/lib/python3.9/site-packages/airflow/models/dagbag.py", line 351, in parse
    loader.exec_module(new_module)
  File "<frozen importlib._bootstrap_external>", line 850, in exec_module
  File "<frozen importlib._bootstrap>", line 228, in _call_with_frames_removed
  File "/opt/airflow/dags/normalized_orders_dags.py", line 7, in <module>
    from scripts.load_raw_orders import load_raw_orders
ModuleNotFoundError: No module named 'scripts.load_raw_orders'
[2026-03-22T23:37:58.208+0000] {processor.py:842} WARNING - No viable dags retrieved from /opt/airflow/dags/normalized_orders_dags.py
[2026-03-22T23:37:58.237+0000] {processor.py:183} INFO - Processing /opt/airflow/dags/normalized_orders_dags.py took 0.050 seconds
[2026-03-22T23:38:29.192+0000] {processor.py:161} INFO - Started process (PID=323) to work on /opt/airflow/dags/normalized_orders_dags.py
[2026-03-22T23:38:29.194+0000] {processor.py:830} INFO - Processing file /opt/airflow/dags/normalized_orders_dags.py for tasks to queue
[2026-03-22T23:38:29.202+0000] {logging_mixin.py:188} INFO - [2026-03-22T23:38:29.201+0000] {dagbag.py:545} INFO - Filling up the DagBag from /opt/airflow/dags/normalized_orders_dags.py
[2026-03-22T23:38:29.210+0000] {logging_mixin.py:188} INFO - [2026-03-22T23:38:29.209+0000] {dagbag.py:355} ERROR - Failed to import: /opt/airflow/dags/normalized_orders_dags.py
Traceback (most recent call last):
  File "/home/airflow/.local/lib/python3.9/site-packages/airflow/models/dagbag.py", line 351, in parse
    loader.exec_module(new_module)
  File "<frozen importlib._bootstrap_external>", line 850, in exec_module
  File "<frozen importlib._bootstrap>", line 228, in _call_with_frames_removed
  File "/opt/airflow/dags/normalized_orders_dags.py", line 7, in <module>
    from scripts.load_raw_orders import load_raw_orders
ModuleNotFoundError: No module named 'scripts.load_raw_orders'
[2026-03-22T23:38:29.210+0000] {processor.py:842} WARNING - No viable dags retrieved from /opt/airflow/dags/normalized_orders_dags.py
[2026-03-22T23:38:29.234+0000] {processor.py:183} INFO - Processing /opt/airflow/dags/normalized_orders_dags.py took 0.056 seconds
[2026-03-22T23:38:59.313+0000] {processor.py:161} INFO - Started process (PID=328) to work on /opt/airflow/dags/normalized_orders_dags.py
[2026-03-22T23:38:59.314+0000] {processor.py:830} INFO - Processing file /opt/airflow/dags/normalized_orders_dags.py for tasks to queue
[2026-03-22T23:38:59.317+0000] {logging_mixin.py:188} INFO - [2026-03-22T23:38:59.317+0000] {dagbag.py:545} INFO - Filling up the DagBag from /opt/airflow/dags/normalized_orders_dags.py
[2026-03-22T23:38:59.324+0000] {logging_mixin.py:188} INFO - [2026-03-22T23:38:59.323+0000] {dagbag.py:355} ERROR - Failed to import: /opt/airflow/dags/normalized_orders_dags.py
Traceback (most recent call last):
  File "/home/airflow/.local/lib/python3.9/site-packages/airflow/models/dagbag.py", line 351, in parse
    loader.exec_module(new_module)
  File "<frozen importlib._bootstrap_external>", line 850, in exec_module
  File "<frozen importlib._bootstrap>", line 228, in _call_with_frames_removed
  File "/opt/airflow/dags/normalized_orders_dags.py", line 7, in <module>
    from scripts.load_raw_orders import load_raw_orders
ModuleNotFoundError: No module named 'scripts.load_raw_orders'
[2026-03-22T23:38:59.325+0000] {processor.py:842} WARNING - No viable dags retrieved from /opt/airflow/dags/normalized_orders_dags.py
[2026-03-22T23:38:59.349+0000] {processor.py:183} INFO - Processing /opt/airflow/dags/normalized_orders_dags.py took 0.047 seconds
[2026-03-22T23:39:29.546+0000] {processor.py:161} INFO - Started process (PID=333) to work on /opt/airflow/dags/normalized_orders_dags.py
[2026-03-22T23:39:29.547+0000] {processor.py:830} INFO - Processing file /opt/airflow/dags/normalized_orders_dags.py for tasks to queue
[2026-03-22T23:39:29.549+0000] {logging_mixin.py:188} INFO - [2026-03-22T23:39:29.549+0000] {dagbag.py:545} INFO - Filling up the DagBag from /opt/airflow/dags/normalized_orders_dags.py
[2026-03-22T23:39:29.555+0000] {logging_mixin.py:188} INFO - [2026-03-22T23:39:29.554+0000] {dagbag.py:355} ERROR - Failed to import: /opt/airflow/dags/normalized_orders_dags.py
Traceback (most recent call last):
  File "/home/airflow/.local/lib/python3.9/site-packages/airflow/models/dagbag.py", line 351, in parse
    loader.exec_module(new_module)
  File "<frozen importlib._bootstrap_external>", line 850, in exec_module
  File "<frozen importlib._bootstrap>", line 228, in _call_with_frames_removed
  File "/opt/airflow/dags/normalized_orders_dags.py", line 7, in <module>
    from scripts.load_raw_orders import load_raw_orders
ModuleNotFoundError: No module named 'scripts.load_raw_orders'
[2026-03-22T23:39:29.555+0000] {processor.py:842} WARNING - No viable dags retrieved from /opt/airflow/dags/normalized_orders_dags.py
[2026-03-22T23:39:29.596+0000] {processor.py:183} INFO - Processing /opt/airflow/dags/normalized_orders_dags.py took 0.057 seconds
[2026-03-22T23:39:59.817+0000] {processor.py:161} INFO - Started process (PID=338) to work on /opt/airflow/dags/normalized_orders_dags.py
[2026-03-22T23:39:59.818+0000] {processor.py:830} INFO - Processing file /opt/airflow/dags/normalized_orders_dags.py for tasks to queue
[2026-03-22T23:39:59.828+0000] {logging_mixin.py:188} INFO - [2026-03-22T23:39:59.827+0000] {dagbag.py:545} INFO - Filling up the DagBag from /opt/airflow/dags/normalized_orders_dags.py
[2026-03-22T23:39:59.839+0000] {logging_mixin.py:188} INFO - [2026-03-22T23:39:59.837+0000] {dagbag.py:355} ERROR - Failed to import: /opt/airflow/dags/normalized_orders_dags.py
Traceback (most recent call last):
  File "/home/airflow/.local/lib/python3.9/site-packages/airflow/models/dagbag.py", line 351, in parse
    loader.exec_module(new_module)
  File "<frozen importlib._bootstrap_external>", line 850, in exec_module
  File "<frozen importlib._bootstrap>", line 228, in _call_with_frames_removed
  File "/opt/airflow/dags/normalized_orders_dags.py", line 7, in <module>
    from scripts.load_raw_orders import load_raw_orders
ModuleNotFoundError: No module named 'scripts.load_raw_orders'
[2026-03-22T23:39:59.839+0000] {processor.py:842} WARNING - No viable dags retrieved from /opt/airflow/dags/normalized_orders_dags.py
[2026-03-22T23:39:59.873+0000] {processor.py:183} INFO - Processing /opt/airflow/dags/normalized_orders_dags.py took 0.068 seconds
[2026-03-22T23:40:30.051+0000] {processor.py:161} INFO - Started process (PID=343) to work on /opt/airflow/dags/normalized_orders_dags.py
[2026-03-22T23:40:30.052+0000] {processor.py:830} INFO - Processing file /opt/airflow/dags/normalized_orders_dags.py for tasks to queue
[2026-03-22T23:40:30.055+0000] {logging_mixin.py:188} INFO - [2026-03-22T23:40:30.054+0000] {dagbag.py:545} INFO - Filling up the DagBag from /opt/airflow/dags/normalized_orders_dags.py
[2026-03-22T23:40:30.062+0000] {logging_mixin.py:188} INFO - [2026-03-22T23:40:30.061+0000] {dagbag.py:355} ERROR - Failed to import: /opt/airflow/dags/normalized_orders_dags.py
Traceback (most recent call last):
  File "/home/airflow/.local/lib/python3.9/site-packages/airflow/models/dagbag.py", line 351, in parse
    loader.exec_module(new_module)
  File "<frozen importlib._bootstrap_external>", line 850, in exec_module
  File "<frozen importlib._bootstrap>", line 228, in _call_with_frames_removed
  File "/opt/airflow/dags/normalized_orders_dags.py", line 7, in <module>
    from scripts.load_raw_orders import load_raw_orders
ModuleNotFoundError: No module named 'scripts.load_raw_orders'
[2026-03-22T23:40:30.062+0000] {processor.py:842} WARNING - No viable dags retrieved from /opt/airflow/dags/normalized_orders_dags.py
[2026-03-22T23:40:30.083+0000] {processor.py:183} INFO - Processing /opt/airflow/dags/normalized_orders_dags.py took 0.042 seconds
[2026-03-22T23:41:00.320+0000] {processor.py:161} INFO - Started process (PID=348) to work on /opt/airflow/dags/normalized_orders_dags.py
[2026-03-22T23:41:00.322+0000] {processor.py:830} INFO - Processing file /opt/airflow/dags/normalized_orders_dags.py for tasks to queue
[2026-03-22T23:41:00.325+0000] {logging_mixin.py:188} INFO - [2026-03-22T23:41:00.324+0000] {dagbag.py:545} INFO - Filling up the DagBag from /opt/airflow/dags/normalized_orders_dags.py
[2026-03-22T23:41:00.333+0000] {logging_mixin.py:188} INFO - [2026-03-22T23:41:00.332+0000] {dagbag.py:355} ERROR - Failed to import: /opt/airflow/dags/normalized_orders_dags.py
Traceback (most recent call last):
  File "/home/airflow/.local/lib/python3.9/site-packages/airflow/models/dagbag.py", line 351, in parse
    loader.exec_module(new_module)
  File "<frozen importlib._bootstrap_external>", line 850, in exec_module
  File "<frozen importlib._bootstrap>", line 228, in _call_with_frames_removed
  File "/opt/airflow/dags/normalized_orders_dags.py", line 7, in <module>
    from scripts.load_raw_orders import load_raw_orders
ModuleNotFoundError: No module named 'scripts.load_raw_orders'
[2026-03-22T23:41:00.334+0000] {processor.py:842} WARNING - No viable dags retrieved from /opt/airflow/dags/normalized_orders_dags.py
[2026-03-22T23:41:00.391+0000] {processor.py:183} INFO - Processing /opt/airflow/dags/normalized_orders_dags.py took 0.081 seconds
[2026-03-22T23:41:30.568+0000] {processor.py:161} INFO - Started process (PID=353) to work on /opt/airflow/dags/normalized_orders_dags.py
[2026-03-22T23:41:30.570+0000] {processor.py:830} INFO - Processing file /opt/airflow/dags/normalized_orders_dags.py for tasks to queue
[2026-03-22T23:41:30.572+0000] {logging_mixin.py:188} INFO - [2026-03-22T23:41:30.572+0000] {dagbag.py:545} INFO - Filling up the DagBag from /opt/airflow/dags/normalized_orders_dags.py
[2026-03-22T23:41:30.578+0000] {logging_mixin.py:188} INFO - [2026-03-22T23:41:30.577+0000] {dagbag.py:355} ERROR - Failed to import: /opt/airflow/dags/normalized_orders_dags.py
Traceback (most recent call last):
  File "/home/airflow/.local/lib/python3.9/site-packages/airflow/models/dagbag.py", line 351, in parse
    loader.exec_module(new_module)
  File "<frozen importlib._bootstrap_external>", line 850, in exec_module
  File "<frozen importlib._bootstrap>", line 228, in _call_with_frames_removed
  File "/opt/airflow/dags/normalized_orders_dags.py", line 7, in <module>
    from scripts.load_raw_orders import load_raw_orders
ModuleNotFoundError: No module named 'scripts.load_raw_orders'
[2026-03-22T23:41:30.579+0000] {processor.py:842} WARNING - No viable dags retrieved from /opt/airflow/dags/normalized_orders_dags.py
[2026-03-22T23:41:30.602+0000] {processor.py:183} INFO - Processing /opt/airflow/dags/normalized_orders_dags.py took 0.050 seconds
[2026-03-22T23:42:00.913+0000] {processor.py:161} INFO - Started process (PID=358) to work on /opt/airflow/dags/normalized_orders_dags.py
[2026-03-22T23:42:00.915+0000] {processor.py:830} INFO - Processing file /opt/airflow/dags/normalized_orders_dags.py for tasks to queue
[2026-03-22T23:42:00.917+0000] {logging_mixin.py:188} INFO - [2026-03-22T23:42:00.917+0000] {dagbag.py:545} INFO - Filling up the DagBag from /opt/airflow/dags/normalized_orders_dags.py
[2026-03-22T23:42:00.925+0000] {logging_mixin.py:188} INFO - [2026-03-22T23:42:00.922+0000] {dagbag.py:355} ERROR - Failed to import: /opt/airflow/dags/normalized_orders_dags.py
Traceback (most recent call last):
  File "/home/airflow/.local/lib/python3.9/site-packages/airflow/models/dagbag.py", line 351, in parse
    loader.exec_module(new_module)
  File "<frozen importlib._bootstrap_external>", line 850, in exec_module
  File "<frozen importlib._bootstrap>", line 228, in _call_with_frames_removed
  File "/opt/airflow/dags/normalized_orders_dags.py", line 7, in <module>
    from scripts.load_raw_orders import load_raw_orders
ModuleNotFoundError: No module named 'scripts.load_raw_orders'
[2026-03-22T23:42:00.925+0000] {processor.py:842} WARNING - No viable dags retrieved from /opt/airflow/dags/normalized_orders_dags.py
[2026-03-22T23:42:00.946+0000] {processor.py:183} INFO - Processing /opt/airflow/dags/normalized_orders_dags.py took 0.043 seconds
[2026-03-22T23:42:31.169+0000] {processor.py:161} INFO - Started process (PID=363) to work on /opt/airflow/dags/normalized_orders_dags.py
[2026-03-22T23:42:31.170+0000] {processor.py:830} INFO - Processing file /opt/airflow/dags/normalized_orders_dags.py for tasks to queue
[2026-03-22T23:42:31.173+0000] {logging_mixin.py:188} INFO - [2026-03-22T23:42:31.172+0000] {dagbag.py:545} INFO - Filling up the DagBag from /opt/airflow/dags/normalized_orders_dags.py
[2026-03-22T23:42:31.185+0000] {logging_mixin.py:188} INFO - [2026-03-22T23:42:31.182+0000] {dagbag.py:355} ERROR - Failed to import: /opt/airflow/dags/normalized_orders_dags.py
Traceback (most recent call last):
  File "/home/airflow/.local/lib/python3.9/site-packages/airflow/models/dagbag.py", line 351, in parse
    loader.exec_module(new_module)
  File "<frozen importlib._bootstrap_external>", line 850, in exec_module
  File "<frozen importlib._bootstrap>", line 228, in _call_with_frames_removed
  File "/opt/airflow/dags/normalized_orders_dags.py", line 7, in <module>
    from scripts.load_raw_orders import load_raw_orders
ModuleNotFoundError: No module named 'scripts.load_raw_orders'
[2026-03-22T23:42:31.185+0000] {processor.py:842} WARNING - No viable dags retrieved from /opt/airflow/dags/normalized_orders_dags.py
[2026-03-22T23:42:31.211+0000] {processor.py:183} INFO - Processing /opt/airflow/dags/normalized_orders_dags.py took 0.053 seconds
[2026-03-22T23:43:01.453+0000] {processor.py:161} INFO - Started process (PID=368) to work on /opt/airflow/dags/normalized_orders_dags.py
[2026-03-22T23:43:01.455+0000] {processor.py:830} INFO - Processing file /opt/airflow/dags/normalized_orders_dags.py for tasks to queue
[2026-03-22T23:43:01.461+0000] {logging_mixin.py:188} INFO - [2026-03-22T23:43:01.461+0000] {dagbag.py:545} INFO - Filling up the DagBag from /opt/airflow/dags/normalized_orders_dags.py
[2026-03-22T23:43:01.468+0000] {logging_mixin.py:188} INFO - [2026-03-22T23:43:01.467+0000] {dagbag.py:355} ERROR - Failed to import: /opt/airflow/dags/normalized_orders_dags.py
Traceback (most recent call last):
  File "/home/airflow/.local/lib/python3.9/site-packages/airflow/models/dagbag.py", line 351, in parse
    loader.exec_module(new_module)
  File "<frozen importlib._bootstrap_external>", line 850, in exec_module
  File "<frozen importlib._bootstrap>", line 228, in _call_with_frames_removed
  File "/opt/airflow/dags/normalized_orders_dags.py", line 7, in <module>
    from scripts.load_raw_orders import load_raw_orders
ModuleNotFoundError: No module named 'scripts.load_raw_orders'
[2026-03-22T23:43:01.469+0000] {processor.py:842} WARNING - No viable dags retrieved from /opt/airflow/dags/normalized_orders_dags.py
[2026-03-22T23:43:01.494+0000] {processor.py:183} INFO - Processing /opt/airflow/dags/normalized_orders_dags.py took 0.050 seconds
[2026-03-22T23:43:31.725+0000] {processor.py:161} INFO - Started process (PID=373) to work on /opt/airflow/dags/normalized_orders_dags.py
[2026-03-22T23:43:31.726+0000] {processor.py:830} INFO - Processing file /opt/airflow/dags/normalized_orders_dags.py for tasks to queue
[2026-03-22T23:43:31.729+0000] {logging_mixin.py:188} INFO - [2026-03-22T23:43:31.729+0000] {dagbag.py:545} INFO - Filling up the DagBag from /opt/airflow/dags/normalized_orders_dags.py
[2026-03-22T23:43:31.736+0000] {logging_mixin.py:188} INFO - [2026-03-22T23:43:31.735+0000] {dagbag.py:355} ERROR - Failed to import: /opt/airflow/dags/normalized_orders_dags.py
Traceback (most recent call last):
  File "/home/airflow/.local/lib/python3.9/site-packages/airflow/models/dagbag.py", line 351, in parse
    loader.exec_module(new_module)
  File "<frozen importlib._bootstrap_external>", line 850, in exec_module
  File "<frozen importlib._bootstrap>", line 228, in _call_with_frames_removed
  File "/opt/airflow/dags/normalized_orders_dags.py", line 7, in <module>
    from scripts.load_raw_orders import load_raw_orders
ModuleNotFoundError: No module named 'scripts.load_raw_orders'
[2026-03-22T23:43:31.737+0000] {processor.py:842} WARNING - No viable dags retrieved from /opt/airflow/dags/normalized_orders_dags.py
[2026-03-22T23:43:31.765+0000] {processor.py:183} INFO - Processing /opt/airflow/dags/normalized_orders_dags.py took 0.050 seconds
[2026-03-22T23:44:02.003+0000] {processor.py:161} INFO - Started process (PID=378) to work on /opt/airflow/dags/normalized_orders_dags.py
[2026-03-22T23:44:02.004+0000] {processor.py:830} INFO - Processing file /opt/airflow/dags/normalized_orders_dags.py for tasks to queue
[2026-03-22T23:44:02.007+0000] {logging_mixin.py:188} INFO - [2026-03-22T23:44:02.006+0000] {dagbag.py:545} INFO - Filling up the DagBag from /opt/airflow/dags/normalized_orders_dags.py
[2026-03-22T23:44:02.014+0000] {logging_mixin.py:188} INFO - [2026-03-22T23:44:02.013+0000] {dagbag.py:355} ERROR - Failed to import: /opt/airflow/dags/normalized_orders_dags.py
Traceback (most recent call last):
  File "/home/airflow/.local/lib/python3.9/site-packages/airflow/models/dagbag.py", line 351, in parse
    loader.exec_module(new_module)
  File "<frozen importlib._bootstrap_external>", line 850, in exec_module
  File "<frozen importlib._bootstrap>", line 228, in _call_with_frames_removed
  File "/opt/airflow/dags/normalized_orders_dags.py", line 7, in <module>
    from scripts.load_raw_orders import load_raw_orders
ModuleNotFoundError: No module named 'scripts.load_raw_orders'
[2026-03-22T23:44:02.014+0000] {processor.py:842} WARNING - No viable dags retrieved from /opt/airflow/dags/normalized_orders_dags.py
[2026-03-22T23:44:02.038+0000] {processor.py:183} INFO - Processing /opt/airflow/dags/normalized_orders_dags.py took 0.046 seconds
[2026-03-22T23:44:32.251+0000] {processor.py:161} INFO - Started process (PID=383) to work on /opt/airflow/dags/normalized_orders_dags.py
[2026-03-22T23:44:32.253+0000] {processor.py:830} INFO - Processing file /opt/airflow/dags/normalized_orders_dags.py for tasks to queue
[2026-03-22T23:44:32.256+0000] {logging_mixin.py:188} INFO - [2026-03-22T23:44:32.255+0000] {dagbag.py:545} INFO - Filling up the DagBag from /opt/airflow/dags/normalized_orders_dags.py
[2026-03-22T23:44:32.263+0000] {logging_mixin.py:188} INFO - [2026-03-22T23:44:32.262+0000] {dagbag.py:355} ERROR - Failed to import: /opt/airflow/dags/normalized_orders_dags.py
Traceback (most recent call last):
  File "/home/airflow/.local/lib/python3.9/site-packages/airflow/models/dagbag.py", line 351, in parse
    loader.exec_module(new_module)
  File "<frozen importlib._bootstrap_external>", line 850, in exec_module
  File "<frozen importlib._bootstrap>", line 228, in _call_with_frames_removed
  File "/opt/airflow/dags/normalized_orders_dags.py", line 7, in <module>
    from scripts.load_raw_orders import load_raw_orders
ModuleNotFoundError: No module named 'scripts.load_raw_orders'
[2026-03-22T23:44:32.263+0000] {processor.py:842} WARNING - No viable dags retrieved from /opt/airflow/dags/normalized_orders_dags.py
[2026-03-22T23:44:32.329+0000] {processor.py:183} INFO - Processing /opt/airflow/dags/normalized_orders_dags.py took 0.092 seconds
[2026-03-22T23:45:02.517+0000] {processor.py:161} INFO - Started process (PID=388) to work on /opt/airflow/dags/normalized_orders_dags.py
[2026-03-22T23:45:02.519+0000] {processor.py:830} INFO - Processing file /opt/airflow/dags/normalized_orders_dags.py for tasks to queue
[2026-03-22T23:45:02.525+0000] {logging_mixin.py:188} INFO - [2026-03-22T23:45:02.522+0000] {dagbag.py:545} INFO - Filling up the DagBag from /opt/airflow/dags/normalized_orders_dags.py
[2026-03-22T23:45:02.538+0000] {logging_mixin.py:188} INFO - [2026-03-22T23:45:02.536+0000] {dagbag.py:355} ERROR - Failed to import: /opt/airflow/dags/normalized_orders_dags.py
Traceback (most recent call last):
  File "/home/airflow/.local/lib/python3.9/site-packages/airflow/models/dagbag.py", line 351, in parse
    loader.exec_module(new_module)
  File "<frozen importlib._bootstrap_external>", line 850, in exec_module
  File "<frozen importlib._bootstrap>", line 228, in _call_with_frames_removed
  File "/opt/airflow/dags/normalized_orders_dags.py", line 7, in <module>
    from scripts.load_raw_orders import load_raw_orders
ModuleNotFoundError: No module named 'scripts.load_raw_orders'
[2026-03-22T23:45:02.539+0000] {processor.py:842} WARNING - No viable dags retrieved from /opt/airflow/dags/normalized_orders_dags.py
[2026-03-22T23:45:02.578+0000] {processor.py:183} INFO - Processing /opt/airflow/dags/normalized_orders_dags.py took 0.074 seconds
[2026-03-22T23:45:32.872+0000] {processor.py:161} INFO - Started process (PID=393) to work on /opt/airflow/dags/normalized_orders_dags.py
[2026-03-22T23:45:32.874+0000] {processor.py:830} INFO - Processing file /opt/airflow/dags/normalized_orders_dags.py for tasks to queue
[2026-03-22T23:45:32.876+0000] {logging_mixin.py:188} INFO - [2026-03-22T23:45:32.876+0000] {dagbag.py:545} INFO - Filling up the DagBag from /opt/airflow/dags/normalized_orders_dags.py
[2026-03-22T23:45:32.884+0000] {logging_mixin.py:188} INFO - [2026-03-22T23:45:32.882+0000] {dagbag.py:355} ERROR - Failed to import: /opt/airflow/dags/normalized_orders_dags.py
Traceback (most recent call last):
  File "/home/airflow/.local/lib/python3.9/site-packages/airflow/models/dagbag.py", line 351, in parse
    loader.exec_module(new_module)
  File "<frozen importlib._bootstrap_external>", line 850, in exec_module
  File "<frozen importlib._bootstrap>", line 228, in _call_with_frames_removed
  File "/opt/airflow/dags/normalized_orders_dags.py", line 7, in <module>
    from scripts.load_raw_orders import load_raw_orders
ModuleNotFoundError: No module named 'scripts.load_raw_orders'
[2026-03-22T23:45:32.884+0000] {processor.py:842} WARNING - No viable dags retrieved from /opt/airflow/dags/normalized_orders_dags.py
[2026-03-22T23:45:32.909+0000] {processor.py:183} INFO - Processing /opt/airflow/dags/normalized_orders_dags.py took 0.045 seconds
[2026-03-22T23:46:03.149+0000] {processor.py:161} INFO - Started process (PID=398) to work on /opt/airflow/dags/normalized_orders_dags.py
[2026-03-22T23:46:03.152+0000] {processor.py:830} INFO - Processing file /opt/airflow/dags/normalized_orders_dags.py for tasks to queue
[2026-03-22T23:46:03.154+0000] {logging_mixin.py:188} INFO - [2026-03-22T23:46:03.153+0000] {dagbag.py:545} INFO - Filling up the DagBag from /opt/airflow/dags/normalized_orders_dags.py
[2026-03-22T23:46:03.160+0000] {logging_mixin.py:188} INFO - [2026-03-22T23:46:03.159+0000] {dagbag.py:355} ERROR - Failed to import: /opt/airflow/dags/normalized_orders_dags.py
Traceback (most recent call last):
  File "/home/airflow/.local/lib/python3.9/site-packages/airflow/models/dagbag.py", line 351, in parse
    loader.exec_module(new_module)
  File "<frozen importlib._bootstrap_external>", line 850, in exec_module
  File "<frozen importlib._bootstrap>", line 228, in _call_with_frames_removed
  File "/opt/airflow/dags/normalized_orders_dags.py", line 7, in <module>
    from scripts.load_raw_orders import load_raw_orders
ModuleNotFoundError: No module named 'scripts.load_raw_orders'
[2026-03-22T23:46:03.161+0000] {processor.py:842} WARNING - No viable dags retrieved from /opt/airflow/dags/normalized_orders_dags.py
[2026-03-22T23:46:03.185+0000] {processor.py:183} INFO - Processing /opt/airflow/dags/normalized_orders_dags.py took 0.049 seconds
[2026-03-22T23:46:33.422+0000] {processor.py:161} INFO - Started process (PID=403) to work on /opt/airflow/dags/normalized_orders_dags.py
[2026-03-22T23:46:33.424+0000] {processor.py:830} INFO - Processing file /opt/airflow/dags/normalized_orders_dags.py for tasks to queue
[2026-03-22T23:46:33.426+0000] {logging_mixin.py:188} INFO - [2026-03-22T23:46:33.426+0000] {dagbag.py:545} INFO - Filling up the DagBag from /opt/airflow/dags/normalized_orders_dags.py
[2026-03-22T23:46:33.433+0000] {logging_mixin.py:188} INFO - [2026-03-22T23:46:33.432+0000] {dagbag.py:355} ERROR - Failed to import: /opt/airflow/dags/normalized_orders_dags.py
Traceback (most recent call last):
  File "/home/airflow/.local/lib/python3.9/site-packages/airflow/models/dagbag.py", line 351, in parse
    loader.exec_module(new_module)
  File "<frozen importlib._bootstrap_external>", line 850, in exec_module
  File "<frozen importlib._bootstrap>", line 228, in _call_with_frames_removed
  File "/opt/airflow/dags/normalized_orders_dags.py", line 7, in <module>
    from scripts.load_raw_orders import load_raw_orders
ModuleNotFoundError: No module named 'scripts.load_raw_orders'
[2026-03-22T23:46:33.433+0000] {processor.py:842} WARNING - No viable dags retrieved from /opt/airflow/dags/normalized_orders_dags.py
[2026-03-22T23:46:33.453+0000] {processor.py:183} INFO - Processing /opt/airflow/dags/normalized_orders_dags.py took 0.041 seconds
[2026-03-22T23:47:03.701+0000] {processor.py:161} INFO - Started process (PID=408) to work on /opt/airflow/dags/normalized_orders_dags.py
[2026-03-22T23:47:03.703+0000] {processor.py:830} INFO - Processing file /opt/airflow/dags/normalized_orders_dags.py for tasks to queue
[2026-03-22T23:47:03.705+0000] {logging_mixin.py:188} INFO - [2026-03-22T23:47:03.705+0000] {dagbag.py:545} INFO - Filling up the DagBag from /opt/airflow/dags/normalized_orders_dags.py
[2026-03-22T23:47:03.713+0000] {logging_mixin.py:188} INFO - [2026-03-22T23:47:03.712+0000] {dagbag.py:355} ERROR - Failed to import: /opt/airflow/dags/normalized_orders_dags.py
Traceback (most recent call last):
  File "/home/airflow/.local/lib/python3.9/site-packages/airflow/models/dagbag.py", line 351, in parse
    loader.exec_module(new_module)
  File "<frozen importlib._bootstrap_external>", line 850, in exec_module
  File "<frozen importlib._bootstrap>", line 228, in _call_with_frames_removed
  File "/opt/airflow/dags/normalized_orders_dags.py", line 7, in <module>
    from scripts.load_raw_orders import load_raw_orders
ModuleNotFoundError: No module named 'scripts.load_raw_orders'
[2026-03-22T23:47:03.713+0000] {processor.py:842} WARNING - No viable dags retrieved from /opt/airflow/dags/normalized_orders_dags.py
[2026-03-22T23:47:03.735+0000] {processor.py:183} INFO - Processing /opt/airflow/dags/normalized_orders_dags.py took 0.046 seconds
[2026-03-22T23:47:33.951+0000] {processor.py:161} INFO - Started process (PID=413) to work on /opt/airflow/dags/normalized_orders_dags.py
[2026-03-22T23:47:33.952+0000] {processor.py:830} INFO - Processing file /opt/airflow/dags/normalized_orders_dags.py for tasks to queue
[2026-03-22T23:47:33.955+0000] {logging_mixin.py:188} INFO - [2026-03-22T23:47:33.955+0000] {dagbag.py:545} INFO - Filling up the DagBag from /opt/airflow/dags/normalized_orders_dags.py
[2026-03-22T23:47:33.961+0000] {logging_mixin.py:188} INFO - [2026-03-22T23:47:33.960+0000] {dagbag.py:355} ERROR - Failed to import: /opt/airflow/dags/normalized_orders_dags.py
Traceback (most recent call last):
  File "/home/airflow/.local/lib/python3.9/site-packages/airflow/models/dagbag.py", line 351, in parse
    loader.exec_module(new_module)
  File "<frozen importlib._bootstrap_external>", line 850, in exec_module
  File "<frozen importlib._bootstrap>", line 228, in _call_with_frames_removed
  File "/opt/airflow/dags/normalized_orders_dags.py", line 7, in <module>
    from scripts.load_raw_orders import load_raw_orders
ModuleNotFoundError: No module named 'scripts.load_raw_orders'
[2026-03-22T23:47:33.961+0000] {processor.py:842} WARNING - No viable dags retrieved from /opt/airflow/dags/normalized_orders_dags.py
[2026-03-22T23:47:33.984+0000] {processor.py:183} INFO - Processing /opt/airflow/dags/normalized_orders_dags.py took 0.042 seconds
[2026-03-22T23:48:04.241+0000] {processor.py:161} INFO - Started process (PID=418) to work on /opt/airflow/dags/normalized_orders_dags.py
[2026-03-22T23:48:04.243+0000] {processor.py:830} INFO - Processing file /opt/airflow/dags/normalized_orders_dags.py for tasks to queue
[2026-03-22T23:48:04.247+0000] {logging_mixin.py:188} INFO - [2026-03-22T23:48:04.247+0000] {dagbag.py:545} INFO - Filling up the DagBag from /opt/airflow/dags/normalized_orders_dags.py
[2026-03-22T23:48:04.253+0000] {logging_mixin.py:188} INFO - [2026-03-22T23:48:04.252+0000] {dagbag.py:355} ERROR - Failed to import: /opt/airflow/dags/normalized_orders_dags.py
Traceback (most recent call last):
  File "/home/airflow/.local/lib/python3.9/site-packages/airflow/models/dagbag.py", line 351, in parse
    loader.exec_module(new_module)
  File "<frozen importlib._bootstrap_external>", line 850, in exec_module
  File "<frozen importlib._bootstrap>", line 228, in _call_with_frames_removed
  File "/opt/airflow/dags/normalized_orders_dags.py", line 7, in <module>
    from scripts.load_raw_orders import load_raw_orders
ModuleNotFoundError: No module named 'scripts.load_raw_orders'
[2026-03-22T23:48:04.253+0000] {processor.py:842} WARNING - No viable dags retrieved from /opt/airflow/dags/normalized_orders_dags.py
[2026-03-22T23:48:04.274+0000] {processor.py:183} INFO - Processing /opt/airflow/dags/normalized_orders_dags.py took 0.045 seconds
[2026-03-22T23:48:34.475+0000] {processor.py:161} INFO - Started process (PID=423) to work on /opt/airflow/dags/normalized_orders_dags.py
[2026-03-22T23:48:34.476+0000] {processor.py:830} INFO - Processing file /opt/airflow/dags/normalized_orders_dags.py for tasks to queue
[2026-03-22T23:48:34.478+0000] {logging_mixin.py:188} INFO - [2026-03-22T23:48:34.477+0000] {dagbag.py:545} INFO - Filling up the DagBag from /opt/airflow/dags/normalized_orders_dags.py
[2026-03-22T23:48:34.483+0000] {logging_mixin.py:188} INFO - [2026-03-22T23:48:34.482+0000] {dagbag.py:355} ERROR - Failed to import: /opt/airflow/dags/normalized_orders_dags.py
Traceback (most recent call last):
  File "/home/airflow/.local/lib/python3.9/site-packages/airflow/models/dagbag.py", line 351, in parse
    loader.exec_module(new_module)
  File "<frozen importlib._bootstrap_external>", line 850, in exec_module
  File "<frozen importlib._bootstrap>", line 228, in _call_with_frames_removed
  File "/opt/airflow/dags/normalized_orders_dags.py", line 7, in <module>
    from scripts.load_raw_orders import load_raw_orders
ModuleNotFoundError: No module named 'scripts.load_raw_orders'
[2026-03-22T23:48:34.483+0000] {processor.py:842} WARNING - No viable dags retrieved from /opt/airflow/dags/normalized_orders_dags.py
[2026-03-22T23:48:34.502+0000] {processor.py:183} INFO - Processing /opt/airflow/dags/normalized_orders_dags.py took 0.034 seconds
[2026-03-22T23:49:04.705+0000] {processor.py:161} INFO - Started process (PID=428) to work on /opt/airflow/dags/normalized_orders_dags.py
[2026-03-22T23:49:04.706+0000] {processor.py:830} INFO - Processing file /opt/airflow/dags/normalized_orders_dags.py for tasks to queue
[2026-03-22T23:49:04.707+0000] {logging_mixin.py:188} INFO - [2026-03-22T23:49:04.707+0000] {dagbag.py:545} INFO - Filling up the DagBag from /opt/airflow/dags/normalized_orders_dags.py
[2026-03-22T23:49:04.711+0000] {logging_mixin.py:188} INFO - [2026-03-22T23:49:04.710+0000] {dagbag.py:355} ERROR - Failed to import: /opt/airflow/dags/normalized_orders_dags.py
Traceback (most recent call last):
  File "/home/airflow/.local/lib/python3.9/site-packages/airflow/models/dagbag.py", line 351, in parse
    loader.exec_module(new_module)
  File "<frozen importlib._bootstrap_external>", line 850, in exec_module
  File "<frozen importlib._bootstrap>", line 228, in _call_with_frames_removed
  File "/opt/airflow/dags/normalized_orders_dags.py", line 7, in <module>
    from scripts.load_raw_orders import load_raw_orders
ModuleNotFoundError: No module named 'scripts.load_raw_orders'
[2026-03-22T23:49:04.711+0000] {processor.py:842} WARNING - No viable dags retrieved from /opt/airflow/dags/normalized_orders_dags.py
[2026-03-22T23:49:04.723+0000] {processor.py:183} INFO - Processing /opt/airflow/dags/normalized_orders_dags.py took 0.023 seconds
[2026-03-22T23:49:34.967+0000] {processor.py:161} INFO - Started process (PID=433) to work on /opt/airflow/dags/normalized_orders_dags.py
[2026-03-22T23:49:34.969+0000] {processor.py:830} INFO - Processing file /opt/airflow/dags/normalized_orders_dags.py for tasks to queue
[2026-03-22T23:49:34.972+0000] {logging_mixin.py:188} INFO - [2026-03-22T23:49:34.971+0000] {dagbag.py:545} INFO - Filling up the DagBag from /opt/airflow/dags/normalized_orders_dags.py
[2026-03-22T23:49:34.977+0000] {logging_mixin.py:188} INFO - [2026-03-22T23:49:34.976+0000] {dagbag.py:355} ERROR - Failed to import: /opt/airflow/dags/normalized_orders_dags.py
Traceback (most recent call last):
  File "/home/airflow/.local/lib/python3.9/site-packages/airflow/models/dagbag.py", line 351, in parse
    loader.exec_module(new_module)
  File "<frozen importlib._bootstrap_external>", line 850, in exec_module
  File "<frozen importlib._bootstrap>", line 228, in _call_with_frames_removed
  File "/opt/airflow/dags/normalized_orders_dags.py", line 7, in <module>
    from scripts.load_raw_orders import load_raw_orders
ModuleNotFoundError: No module named 'scripts.load_raw_orders'
[2026-03-22T23:49:34.977+0000] {processor.py:842} WARNING - No viable dags retrieved from /opt/airflow/dags/normalized_orders_dags.py
[2026-03-22T23:49:35.001+0000] {processor.py:183} INFO - Processing /opt/airflow/dags/normalized_orders_dags.py took 0.047 seconds
[2026-03-22T23:50:05.218+0000] {processor.py:161} INFO - Started process (PID=438) to work on /opt/airflow/dags/normalized_orders_dags.py
[2026-03-22T23:50:05.219+0000] {processor.py:830} INFO - Processing file /opt/airflow/dags/normalized_orders_dags.py for tasks to queue
[2026-03-22T23:50:05.223+0000] {logging_mixin.py:188} INFO - [2026-03-22T23:50:05.222+0000] {dagbag.py:545} INFO - Filling up the DagBag from /opt/airflow/dags/normalized_orders_dags.py
[2026-03-22T23:50:05.231+0000] {logging_mixin.py:188} INFO - [2026-03-22T23:50:05.230+0000] {dagbag.py:355} ERROR - Failed to import: /opt/airflow/dags/normalized_orders_dags.py
Traceback (most recent call last):
  File "/home/airflow/.local/lib/python3.9/site-packages/airflow/models/dagbag.py", line 351, in parse
    loader.exec_module(new_module)
  File "<frozen importlib._bootstrap_external>", line 850, in exec_module
  File "<frozen importlib._bootstrap>", line 228, in _call_with_frames_removed
  File "/opt/airflow/dags/normalized_orders_dags.py", line 7, in <module>
    from scripts.load_raw_orders import load_raw_orders
ModuleNotFoundError: No module named 'scripts.load_raw_orders'
[2026-03-22T23:50:05.231+0000] {processor.py:842} WARNING - No viable dags retrieved from /opt/airflow/dags/normalized_orders_dags.py
[2026-03-22T23:50:05.260+0000] {processor.py:183} INFO - Processing /opt/airflow/dags/normalized_orders_dags.py took 0.054 seconds
[2026-03-22T23:50:35.464+0000] {processor.py:161} INFO - Started process (PID=443) to work on /opt/airflow/dags/normalized_orders_dags.py
[2026-03-22T23:50:35.466+0000] {processor.py:830} INFO - Processing file /opt/airflow/dags/normalized_orders_dags.py for tasks to queue
[2026-03-22T23:50:35.467+0000] {logging_mixin.py:188} INFO - [2026-03-22T23:50:35.467+0000] {dagbag.py:545} INFO - Filling up the DagBag from /opt/airflow/dags/normalized_orders_dags.py
[2026-03-22T23:50:35.472+0000] {logging_mixin.py:188} INFO - [2026-03-22T23:50:35.471+0000] {dagbag.py:355} ERROR - Failed to import: /opt/airflow/dags/normalized_orders_dags.py
Traceback (most recent call last):
  File "/home/airflow/.local/lib/python3.9/site-packages/airflow/models/dagbag.py", line 351, in parse
    loader.exec_module(new_module)
  File "<frozen importlib._bootstrap_external>", line 850, in exec_module
  File "<frozen importlib._bootstrap>", line 228, in _call_with_frames_removed
  File "/opt/airflow/dags/normalized_orders_dags.py", line 7, in <module>
    from scripts.load_raw_orders import load_raw_orders
ModuleNotFoundError: No module named 'scripts.load_raw_orders'
[2026-03-22T23:50:35.473+0000] {processor.py:842} WARNING - No viable dags retrieved from /opt/airflow/dags/normalized_orders_dags.py
[2026-03-22T23:50:35.488+0000] {processor.py:183} INFO - Processing /opt/airflow/dags/normalized_orders_dags.py took 0.030 seconds
[2026-03-22T23:51:05.737+0000] {processor.py:161} INFO - Started process (PID=448) to work on /opt/airflow/dags/normalized_orders_dags.py
[2026-03-22T23:51:05.739+0000] {processor.py:830} INFO - Processing file /opt/airflow/dags/normalized_orders_dags.py for tasks to queue
[2026-03-22T23:51:05.741+0000] {logging_mixin.py:188} INFO - [2026-03-22T23:51:05.741+0000] {dagbag.py:545} INFO - Filling up the DagBag from /opt/airflow/dags/normalized_orders_dags.py
[2026-03-22T23:51:05.750+0000] {logging_mixin.py:188} INFO - [2026-03-22T23:51:05.749+0000] {dagbag.py:355} ERROR - Failed to import: /opt/airflow/dags/normalized_orders_dags.py
Traceback (most recent call last):
  File "/home/airflow/.local/lib/python3.9/site-packages/airflow/models/dagbag.py", line 351, in parse
    loader.exec_module(new_module)
  File "<frozen importlib._bootstrap_external>", line 850, in exec_module
  File "<frozen importlib._bootstrap>", line 228, in _call_with_frames_removed
  File "/opt/airflow/dags/normalized_orders_dags.py", line 7, in <module>
    from scripts.load_raw_orders import load_raw_orders
ModuleNotFoundError: No module named 'scripts.load_raw_orders'
[2026-03-22T23:51:05.751+0000] {processor.py:842} WARNING - No viable dags retrieved from /opt/airflow/dags/normalized_orders_dags.py
[2026-03-22T23:51:05.775+0000] {processor.py:183} INFO - Processing /opt/airflow/dags/normalized_orders_dags.py took 0.051 seconds
[2026-03-22T23:51:35.988+0000] {processor.py:161} INFO - Started process (PID=453) to work on /opt/airflow/dags/normalized_orders_dags.py
[2026-03-22T23:51:35.993+0000] {processor.py:830} INFO - Processing file /opt/airflow/dags/normalized_orders_dags.py for tasks to queue
[2026-03-22T23:51:35.996+0000] {logging_mixin.py:188} INFO - [2026-03-22T23:51:35.995+0000] {dagbag.py:545} INFO - Filling up the DagBag from /opt/airflow/dags/normalized_orders_dags.py
[2026-03-22T23:51:36.001+0000] {logging_mixin.py:188} INFO - [2026-03-22T23:51:36.000+0000] {dagbag.py:355} ERROR - Failed to import: /opt/airflow/dags/normalized_orders_dags.py
Traceback (most recent call last):
  File "/home/airflow/.local/lib/python3.9/site-packages/airflow/models/dagbag.py", line 351, in parse
    loader.exec_module(new_module)
  File "<frozen importlib._bootstrap_external>", line 850, in exec_module
  File "<frozen importlib._bootstrap>", line 228, in _call_with_frames_removed
  File "/opt/airflow/dags/normalized_orders_dags.py", line 7, in <module>
    from scripts.load_raw_orders import load_raw_orders
ModuleNotFoundError: No module named 'scripts.load_raw_orders'
[2026-03-22T23:51:36.001+0000] {processor.py:842} WARNING - No viable dags retrieved from /opt/airflow/dags/normalized_orders_dags.py
[2026-03-22T23:51:36.020+0000] {processor.py:183} INFO - Processing /opt/airflow/dags/normalized_orders_dags.py took 0.041 seconds
[2026-03-22T23:52:06.239+0000] {processor.py:161} INFO - Started process (PID=458) to work on /opt/airflow/dags/normalized_orders_dags.py
[2026-03-22T23:52:06.241+0000] {processor.py:830} INFO - Processing file /opt/airflow/dags/normalized_orders_dags.py for tasks to queue
[2026-03-22T23:52:06.244+0000] {logging_mixin.py:188} INFO - [2026-03-22T23:52:06.244+0000] {dagbag.py:545} INFO - Filling up the DagBag from /opt/airflow/dags/normalized_orders_dags.py
[2026-03-22T23:52:06.250+0000] {logging_mixin.py:188} INFO - [2026-03-22T23:52:06.249+0000] {dagbag.py:355} ERROR - Failed to import: /opt/airflow/dags/normalized_orders_dags.py
Traceback (most recent call last):
  File "/home/airflow/.local/lib/python3.9/site-packages/airflow/models/dagbag.py", line 351, in parse
    loader.exec_module(new_module)
  File "<frozen importlib._bootstrap_external>", line 850, in exec_module
  File "<frozen importlib._bootstrap>", line 228, in _call_with_frames_removed
  File "/opt/airflow/dags/normalized_orders_dags.py", line 7, in <module>
    from scripts.load_raw_orders import load_raw_orders
ModuleNotFoundError: No module named 'scripts.load_raw_orders'
[2026-03-22T23:52:06.250+0000] {processor.py:842} WARNING - No viable dags retrieved from /opt/airflow/dags/normalized_orders_dags.py
[2026-03-22T23:52:06.273+0000] {processor.py:183} INFO - Processing /opt/airflow/dags/normalized_orders_dags.py took 0.042 seconds
[2026-03-22T23:52:36.441+0000] {processor.py:161} INFO - Started process (PID=463) to work on /opt/airflow/dags/normalized_orders_dags.py
[2026-03-22T23:52:36.442+0000] {processor.py:830} INFO - Processing file /opt/airflow/dags/normalized_orders_dags.py for tasks to queue
[2026-03-22T23:52:36.444+0000] {logging_mixin.py:188} INFO - [2026-03-22T23:52:36.443+0000] {dagbag.py:545} INFO - Filling up the DagBag from /opt/airflow/dags/normalized_orders_dags.py
[2026-03-22T23:52:36.449+0000] {logging_mixin.py:188} INFO - [2026-03-22T23:52:36.448+0000] {dagbag.py:355} ERROR - Failed to import: /opt/airflow/dags/normalized_orders_dags.py
Traceback (most recent call last):
  File "/home/airflow/.local/lib/python3.9/site-packages/airflow/models/dagbag.py", line 351, in parse
    loader.exec_module(new_module)
  File "<frozen importlib._bootstrap_external>", line 850, in exec_module
  File "<frozen importlib._bootstrap>", line 228, in _call_with_frames_removed
  File "/opt/airflow/dags/normalized_orders_dags.py", line 7, in <module>
    from scripts.load_raw_orders import load_raw_orders
ModuleNotFoundError: No module named 'scripts.load_raw_orders'
[2026-03-22T23:52:36.449+0000] {processor.py:842} WARNING - No viable dags retrieved from /opt/airflow/dags/normalized_orders_dags.py
[2026-03-22T23:52:36.470+0000] {processor.py:183} INFO - Processing /opt/airflow/dags/normalized_orders_dags.py took 0.036 seconds
[2026-03-22T23:53:06.810+0000] {processor.py:161} INFO - Started process (PID=468) to work on /opt/airflow/dags/normalized_orders_dags.py
[2026-03-22T23:53:06.811+0000] {processor.py:830} INFO - Processing file /opt/airflow/dags/normalized_orders_dags.py for tasks to queue
[2026-03-22T23:53:06.813+0000] {logging_mixin.py:188} INFO - [2026-03-22T23:53:06.813+0000] {dagbag.py:545} INFO - Filling up the DagBag from /opt/airflow/dags/normalized_orders_dags.py
[2026-03-22T23:53:06.818+0000] {logging_mixin.py:188} INFO - [2026-03-22T23:53:06.817+0000] {dagbag.py:355} ERROR - Failed to import: /opt/airflow/dags/normalized_orders_dags.py
Traceback (most recent call last):
  File "/home/airflow/.local/lib/python3.9/site-packages/airflow/models/dagbag.py", line 351, in parse
    loader.exec_module(new_module)
  File "<frozen importlib._bootstrap_external>", line 850, in exec_module
  File "<frozen importlib._bootstrap>", line 228, in _call_with_frames_removed
  File "/opt/airflow/dags/normalized_orders_dags.py", line 7, in <module>
    from scripts.load_raw_orders import load_raw_orders
ModuleNotFoundError: No module named 'scripts.load_raw_orders'
[2026-03-22T23:53:06.819+0000] {processor.py:842} WARNING - No viable dags retrieved from /opt/airflow/dags/normalized_orders_dags.py
[2026-03-22T23:53:06.843+0000] {processor.py:183} INFO - Processing /opt/airflow/dags/normalized_orders_dags.py took 0.040 seconds
[2026-03-22T23:53:37.030+0000] {processor.py:161} INFO - Started process (PID=473) to work on /opt/airflow/dags/normalized_orders_dags.py
[2026-03-22T23:53:37.032+0000] {processor.py:830} INFO - Processing file /opt/airflow/dags/normalized_orders_dags.py for tasks to queue
[2026-03-22T23:53:37.035+0000] {logging_mixin.py:188} INFO - [2026-03-22T23:53:37.033+0000] {dagbag.py:545} INFO - Filling up the DagBag from /opt/airflow/dags/normalized_orders_dags.py
[2026-03-22T23:53:37.041+0000] {logging_mixin.py:188} INFO - [2026-03-22T23:53:37.040+0000] {dagbag.py:355} ERROR - Failed to import: /opt/airflow/dags/normalized_orders_dags.py
Traceback (most recent call last):
  File "/home/airflow/.local/lib/python3.9/site-packages/airflow/models/dagbag.py", line 351, in parse
    loader.exec_module(new_module)
  File "<frozen importlib._bootstrap_external>", line 850, in exec_module
  File "<frozen importlib._bootstrap>", line 228, in _call_with_frames_removed
  File "/opt/airflow/dags/normalized_orders_dags.py", line 7, in <module>
    from scripts.load_raw_orders import load_raw_orders
ModuleNotFoundError: No module named 'scripts.load_raw_orders'
[2026-03-22T23:53:37.042+0000] {processor.py:842} WARNING - No viable dags retrieved from /opt/airflow/dags/normalized_orders_dags.py
[2026-03-22T23:53:37.065+0000] {processor.py:183} INFO - Processing /opt/airflow/dags/normalized_orders_dags.py took 0.041 seconds
[2026-03-22T23:54:07.322+0000] {processor.py:161} INFO - Started process (PID=478) to work on /opt/airflow/dags/normalized_orders_dags.py
[2026-03-22T23:54:07.323+0000] {processor.py:830} INFO - Processing file /opt/airflow/dags/normalized_orders_dags.py for tasks to queue
[2026-03-22T23:54:07.326+0000] {logging_mixin.py:188} INFO - [2026-03-22T23:54:07.326+0000] {dagbag.py:545} INFO - Filling up the DagBag from /opt/airflow/dags/normalized_orders_dags.py
[2026-03-22T23:54:07.333+0000] {logging_mixin.py:188} INFO - [2026-03-22T23:54:07.332+0000] {dagbag.py:355} ERROR - Failed to import: /opt/airflow/dags/normalized_orders_dags.py
Traceback (most recent call last):
  File "/home/airflow/.local/lib/python3.9/site-packages/airflow/models/dagbag.py", line 351, in parse
    loader.exec_module(new_module)
  File "<frozen importlib._bootstrap_external>", line 850, in exec_module
  File "<frozen importlib._bootstrap>", line 228, in _call_with_frames_removed
  File "/opt/airflow/dags/normalized_orders_dags.py", line 7, in <module>
    from scripts.load_raw_orders import load_raw_orders
ModuleNotFoundError: No module named 'scripts.load_raw_orders'
[2026-03-22T23:54:07.333+0000] {processor.py:842} WARNING - No viable dags retrieved from /opt/airflow/dags/normalized_orders_dags.py
[2026-03-22T23:54:07.356+0000] {processor.py:183} INFO - Processing /opt/airflow/dags/normalized_orders_dags.py took 0.042 seconds
[2026-03-22T23:54:37.676+0000] {processor.py:161} INFO - Started process (PID=483) to work on /opt/airflow/dags/normalized_orders_dags.py
[2026-03-22T23:54:37.679+0000] {processor.py:830} INFO - Processing file /opt/airflow/dags/normalized_orders_dags.py for tasks to queue
[2026-03-22T23:54:37.682+0000] {logging_mixin.py:188} INFO - [2026-03-22T23:54:37.682+0000] {dagbag.py:545} INFO - Filling up the DagBag from /opt/airflow/dags/normalized_orders_dags.py
[2026-03-22T23:54:37.689+0000] {logging_mixin.py:188} INFO - [2026-03-22T23:54:37.688+0000] {dagbag.py:355} ERROR - Failed to import: /opt/airflow/dags/normalized_orders_dags.py
Traceback (most recent call last):
  File "/home/airflow/.local/lib/python3.9/site-packages/airflow/models/dagbag.py", line 351, in parse
    loader.exec_module(new_module)
  File "<frozen importlib._bootstrap_external>", line 850, in exec_module
  File "<frozen importlib._bootstrap>", line 228, in _call_with_frames_removed
  File "/opt/airflow/dags/normalized_orders_dags.py", line 7, in <module>
    from scripts.load_raw_orders import load_raw_orders
ModuleNotFoundError: No module named 'scripts.load_raw_orders'
[2026-03-22T23:54:37.689+0000] {processor.py:842} WARNING - No viable dags retrieved from /opt/airflow/dags/normalized_orders_dags.py
[2026-03-22T23:54:37.733+0000] {processor.py:183} INFO - Processing /opt/airflow/dags/normalized_orders_dags.py took 0.071 seconds
[2026-03-22T23:55:07.866+0000] {processor.py:161} INFO - Started process (PID=496) to work on /opt/airflow/dags/normalized_orders_dags.py
[2026-03-22T23:55:07.868+0000] {processor.py:830} INFO - Processing file /opt/airflow/dags/normalized_orders_dags.py for tasks to queue
[2026-03-22T23:55:07.871+0000] {logging_mixin.py:188} INFO - [2026-03-22T23:55:07.871+0000] {dagbag.py:545} INFO - Filling up the DagBag from /opt/airflow/dags/normalized_orders_dags.py
[2026-03-22T23:55:07.876+0000] {logging_mixin.py:188} INFO - [2026-03-22T23:55:07.875+0000] {dagbag.py:355} ERROR - Failed to import: /opt/airflow/dags/normalized_orders_dags.py
Traceback (most recent call last):
  File "/home/airflow/.local/lib/python3.9/site-packages/airflow/models/dagbag.py", line 351, in parse
    loader.exec_module(new_module)
  File "<frozen importlib._bootstrap_external>", line 850, in exec_module
  File "<frozen importlib._bootstrap>", line 228, in _call_with_frames_removed
  File "/opt/airflow/dags/normalized_orders_dags.py", line 7, in <module>
    from scripts.load_raw_orders import load_raw_orders
ModuleNotFoundError: No module named 'scripts.load_raw_orders'
[2026-03-22T23:55:07.876+0000] {processor.py:842} WARNING - No viable dags retrieved from /opt/airflow/dags/normalized_orders_dags.py
[2026-03-22T23:55:07.895+0000] {processor.py:183} INFO - Processing /opt/airflow/dags/normalized_orders_dags.py took 0.038 seconds
[2026-03-22T23:55:38.134+0000] {processor.py:161} INFO - Started process (PID=510) to work on /opt/airflow/dags/normalized_orders_dags.py
[2026-03-22T23:55:38.135+0000] {processor.py:830} INFO - Processing file /opt/airflow/dags/normalized_orders_dags.py for tasks to queue
[2026-03-22T23:55:38.139+0000] {logging_mixin.py:188} INFO - [2026-03-22T23:55:38.139+0000] {dagbag.py:545} INFO - Filling up the DagBag from /opt/airflow/dags/normalized_orders_dags.py
[2026-03-22T23:55:38.145+0000] {logging_mixin.py:188} INFO - [2026-03-22T23:55:38.144+0000] {dagbag.py:355} ERROR - Failed to import: /opt/airflow/dags/normalized_orders_dags.py
Traceback (most recent call last):
  File "/home/airflow/.local/lib/python3.9/site-packages/airflow/models/dagbag.py", line 351, in parse
    loader.exec_module(new_module)
  File "<frozen importlib._bootstrap_external>", line 850, in exec_module
  File "<frozen importlib._bootstrap>", line 228, in _call_with_frames_removed
  File "/opt/airflow/dags/normalized_orders_dags.py", line 7, in <module>
    from scripts.load_raw_orders import load_raw_orders
ModuleNotFoundError: No module named 'scripts.load_raw_orders'
[2026-03-22T23:55:38.146+0000] {processor.py:842} WARNING - No viable dags retrieved from /opt/airflow/dags/normalized_orders_dags.py
[2026-03-22T23:55:38.164+0000] {processor.py:183} INFO - Processing /opt/airflow/dags/normalized_orders_dags.py took 0.037 seconds
[2026-03-22T23:56:08.433+0000] {processor.py:161} INFO - Started process (PID=515) to work on /opt/airflow/dags/normalized_orders_dags.py
[2026-03-22T23:56:08.441+0000] {processor.py:830} INFO - Processing file /opt/airflow/dags/normalized_orders_dags.py for tasks to queue
[2026-03-22T23:56:08.444+0000] {logging_mixin.py:188} INFO - [2026-03-22T23:56:08.443+0000] {dagbag.py:545} INFO - Filling up the DagBag from /opt/airflow/dags/normalized_orders_dags.py
[2026-03-22T23:56:08.450+0000] {logging_mixin.py:188} INFO - [2026-03-22T23:56:08.449+0000] {dagbag.py:355} ERROR - Failed to import: /opt/airflow/dags/normalized_orders_dags.py
Traceback (most recent call last):
  File "/home/airflow/.local/lib/python3.9/site-packages/airflow/models/dagbag.py", line 351, in parse
    loader.exec_module(new_module)
  File "<frozen importlib._bootstrap_external>", line 850, in exec_module
  File "<frozen importlib._bootstrap>", line 228, in _call_with_frames_removed
  File "/opt/airflow/dags/normalized_orders_dags.py", line 7, in <module>
    from scripts.load_raw_orders import load_raw_orders
ModuleNotFoundError: No module named 'scripts.load_raw_orders'
[2026-03-22T23:56:08.450+0000] {processor.py:842} WARNING - No viable dags retrieved from /opt/airflow/dags/normalized_orders_dags.py
[2026-03-22T23:56:08.474+0000] {processor.py:183} INFO - Processing /opt/airflow/dags/normalized_orders_dags.py took 0.050 seconds
[2026-03-22T23:56:38.700+0000] {processor.py:161} INFO - Started process (PID=520) to work on /opt/airflow/dags/normalized_orders_dags.py
[2026-03-22T23:56:38.702+0000] {processor.py:830} INFO - Processing file /opt/airflow/dags/normalized_orders_dags.py for tasks to queue
[2026-03-22T23:56:38.704+0000] {logging_mixin.py:188} INFO - [2026-03-22T23:56:38.704+0000] {dagbag.py:545} INFO - Filling up the DagBag from /opt/airflow/dags/normalized_orders_dags.py
[2026-03-22T23:56:38.710+0000] {logging_mixin.py:188} INFO - [2026-03-22T23:56:38.709+0000] {dagbag.py:355} ERROR - Failed to import: /opt/airflow/dags/normalized_orders_dags.py
Traceback (most recent call last):
  File "/home/airflow/.local/lib/python3.9/site-packages/airflow/models/dagbag.py", line 351, in parse
    loader.exec_module(new_module)
  File "<frozen importlib._bootstrap_external>", line 850, in exec_module
  File "<frozen importlib._bootstrap>", line 228, in _call_with_frames_removed
  File "/opt/airflow/dags/normalized_orders_dags.py", line 7, in <module>
    from scripts.load_raw_orders import load_raw_orders
ModuleNotFoundError: No module named 'scripts.load_raw_orders'
[2026-03-22T23:56:38.710+0000] {processor.py:842} WARNING - No viable dags retrieved from /opt/airflow/dags/normalized_orders_dags.py
[2026-03-22T23:56:38.727+0000] {processor.py:183} INFO - Processing /opt/airflow/dags/normalized_orders_dags.py took 0.036 seconds
[2026-03-22T23:57:08.964+0000] {processor.py:161} INFO - Started process (PID=525) to work on /opt/airflow/dags/normalized_orders_dags.py
[2026-03-22T23:57:08.966+0000] {processor.py:830} INFO - Processing file /opt/airflow/dags/normalized_orders_dags.py for tasks to queue
[2026-03-22T23:57:08.968+0000] {logging_mixin.py:188} INFO - [2026-03-22T23:57:08.968+0000] {dagbag.py:545} INFO - Filling up the DagBag from /opt/airflow/dags/normalized_orders_dags.py
[2026-03-22T23:57:08.974+0000] {logging_mixin.py:188} INFO - [2026-03-22T23:57:08.973+0000] {dagbag.py:355} ERROR - Failed to import: /opt/airflow/dags/normalized_orders_dags.py
Traceback (most recent call last):
  File "/home/airflow/.local/lib/python3.9/site-packages/airflow/models/dagbag.py", line 351, in parse
    loader.exec_module(new_module)
  File "<frozen importlib._bootstrap_external>", line 850, in exec_module
  File "<frozen importlib._bootstrap>", line 228, in _call_with_frames_removed
  File "/opt/airflow/dags/normalized_orders_dags.py", line 7, in <module>
    from scripts.load_raw_orders import load_raw_orders
ModuleNotFoundError: No module named 'scripts.load_raw_orders'
[2026-03-22T23:57:08.974+0000] {processor.py:842} WARNING - No viable dags retrieved from /opt/airflow/dags/normalized_orders_dags.py
[2026-03-22T23:57:08.997+0000] {processor.py:183} INFO - Processing /opt/airflow/dags/normalized_orders_dags.py took 0.049 seconds
[2026-03-22T23:57:39.270+0000] {processor.py:161} INFO - Started process (PID=530) to work on /opt/airflow/dags/normalized_orders_dags.py
[2026-03-22T23:57:39.271+0000] {processor.py:830} INFO - Processing file /opt/airflow/dags/normalized_orders_dags.py for tasks to queue
[2026-03-22T23:57:39.273+0000] {logging_mixin.py:188} INFO - [2026-03-22T23:57:39.273+0000] {dagbag.py:545} INFO - Filling up the DagBag from /opt/airflow/dags/normalized_orders_dags.py
[2026-03-22T23:57:39.283+0000] {logging_mixin.py:188} INFO - [2026-03-22T23:57:39.282+0000] {dagbag.py:355} ERROR - Failed to import: /opt/airflow/dags/normalized_orders_dags.py
Traceback (most recent call last):
  File "/home/airflow/.local/lib/python3.9/site-packages/airflow/models/dagbag.py", line 351, in parse
    loader.exec_module(new_module)
  File "<frozen importlib._bootstrap_external>", line 850, in exec_module
  File "<frozen importlib._bootstrap>", line 228, in _call_with_frames_removed
  File "/opt/airflow/dags/normalized_orders_dags.py", line 7, in <module>
    from scripts.load_raw_orders import load_raw_orders
ModuleNotFoundError: No module named 'scripts.load_raw_orders'
[2026-03-22T23:57:39.283+0000] {processor.py:842} WARNING - No viable dags retrieved from /opt/airflow/dags/normalized_orders_dags.py
[2026-03-22T23:57:39.303+0000] {processor.py:183} INFO - Processing /opt/airflow/dags/normalized_orders_dags.py took 0.043 seconds
[2026-03-22T23:58:09.512+0000] {processor.py:161} INFO - Started process (PID=535) to work on /opt/airflow/dags/normalized_orders_dags.py
[2026-03-22T23:58:09.515+0000] {processor.py:830} INFO - Processing file /opt/airflow/dags/normalized_orders_dags.py for tasks to queue
[2026-03-22T23:58:09.520+0000] {logging_mixin.py:188} INFO - [2026-03-22T23:58:09.520+0000] {dagbag.py:545} INFO - Filling up the DagBag from /opt/airflow/dags/normalized_orders_dags.py
[2026-03-22T23:58:09.527+0000] {logging_mixin.py:188} INFO - [2026-03-22T23:58:09.526+0000] {dagbag.py:355} ERROR - Failed to import: /opt/airflow/dags/normalized_orders_dags.py
Traceback (most recent call last):
  File "/home/airflow/.local/lib/python3.9/site-packages/airflow/models/dagbag.py", line 351, in parse
    loader.exec_module(new_module)
  File "<frozen importlib._bootstrap_external>", line 850, in exec_module
  File "<frozen importlib._bootstrap>", line 228, in _call_with_frames_removed
  File "/opt/airflow/dags/normalized_orders_dags.py", line 7, in <module>
    from scripts.load_raw_orders import load_raw_orders
ModuleNotFoundError: No module named 'scripts.load_raw_orders'
[2026-03-22T23:58:09.527+0000] {processor.py:842} WARNING - No viable dags retrieved from /opt/airflow/dags/normalized_orders_dags.py
[2026-03-22T23:58:09.548+0000] {processor.py:183} INFO - Processing /opt/airflow/dags/normalized_orders_dags.py took 0.044 seconds
[2026-03-22T23:58:39.750+0000] {processor.py:161} INFO - Started process (PID=540) to work on /opt/airflow/dags/normalized_orders_dags.py
[2026-03-22T23:58:39.752+0000] {processor.py:830} INFO - Processing file /opt/airflow/dags/normalized_orders_dags.py for tasks to queue
[2026-03-22T23:58:39.758+0000] {logging_mixin.py:188} INFO - [2026-03-22T23:58:39.756+0000] {dagbag.py:545} INFO - Filling up the DagBag from /opt/airflow/dags/normalized_orders_dags.py
[2026-03-22T23:58:39.764+0000] {logging_mixin.py:188} INFO - [2026-03-22T23:58:39.763+0000] {dagbag.py:355} ERROR - Failed to import: /opt/airflow/dags/normalized_orders_dags.py
Traceback (most recent call last):
  File "/home/airflow/.local/lib/python3.9/site-packages/airflow/models/dagbag.py", line 351, in parse
    loader.exec_module(new_module)
  File "<frozen importlib._bootstrap_external>", line 850, in exec_module
  File "<frozen importlib._bootstrap>", line 228, in _call_with_frames_removed
  File "/opt/airflow/dags/normalized_orders_dags.py", line 7, in <module>
    from scripts.load_raw_orders import load_raw_orders
ModuleNotFoundError: No module named 'scripts.load_raw_orders'
[2026-03-22T23:58:39.764+0000] {processor.py:842} WARNING - No viable dags retrieved from /opt/airflow/dags/normalized_orders_dags.py
[2026-03-22T23:58:39.785+0000] {processor.py:183} INFO - Processing /opt/airflow/dags/normalized_orders_dags.py took 0.047 seconds
[2026-03-22T23:59:10.074+0000] {processor.py:161} INFO - Started process (PID=545) to work on /opt/airflow/dags/normalized_orders_dags.py
[2026-03-22T23:59:10.075+0000] {processor.py:830} INFO - Processing file /opt/airflow/dags/normalized_orders_dags.py for tasks to queue
[2026-03-22T23:59:10.081+0000] {logging_mixin.py:188} INFO - [2026-03-22T23:59:10.080+0000] {dagbag.py:545} INFO - Filling up the DagBag from /opt/airflow/dags/normalized_orders_dags.py
[2026-03-22T23:59:10.088+0000] {logging_mixin.py:188} INFO - [2026-03-22T23:59:10.087+0000] {dagbag.py:355} ERROR - Failed to import: /opt/airflow/dags/normalized_orders_dags.py
Traceback (most recent call last):
  File "/home/airflow/.local/lib/python3.9/site-packages/airflow/models/dagbag.py", line 351, in parse
    loader.exec_module(new_module)
  File "<frozen importlib._bootstrap_external>", line 850, in exec_module
  File "<frozen importlib._bootstrap>", line 228, in _call_with_frames_removed
  File "/opt/airflow/dags/normalized_orders_dags.py", line 7, in <module>
    from scripts.load_raw_orders import load_raw_orders
ModuleNotFoundError: No module named 'scripts.load_raw_orders'
[2026-03-22T23:59:10.088+0000] {processor.py:842} WARNING - No viable dags retrieved from /opt/airflow/dags/normalized_orders_dags.py
[2026-03-22T23:59:10.119+0000] {processor.py:183} INFO - Processing /opt/airflow/dags/normalized_orders_dags.py took 0.056 seconds
[2026-03-22T23:59:40.371+0000] {processor.py:161} INFO - Started process (PID=564) to work on /opt/airflow/dags/normalized_orders_dags.py
[2026-03-22T23:59:40.373+0000] {processor.py:830} INFO - Processing file /opt/airflow/dags/normalized_orders_dags.py for tasks to queue
[2026-03-22T23:59:40.375+0000] {logging_mixin.py:188} INFO - [2026-03-22T23:59:40.374+0000] {dagbag.py:545} INFO - Filling up the DagBag from /opt/airflow/dags/normalized_orders_dags.py
[2026-03-22T23:59:40.380+0000] {logging_mixin.py:188} INFO - [2026-03-22T23:59:40.379+0000] {dagbag.py:355} ERROR - Failed to import: /opt/airflow/dags/normalized_orders_dags.py
Traceback (most recent call last):
  File "/home/airflow/.local/lib/python3.9/site-packages/airflow/models/dagbag.py", line 351, in parse
    loader.exec_module(new_module)
  File "<frozen importlib._bootstrap_external>", line 850, in exec_module
  File "<frozen importlib._bootstrap>", line 228, in _call_with_frames_removed
  File "/opt/airflow/dags/normalized_orders_dags.py", line 7, in <module>
    from scripts.load_raw_orders import load_raw_orders
ModuleNotFoundError: No module named 'scripts.load_raw_orders'
[2026-03-22T23:59:40.380+0000] {processor.py:842} WARNING - No viable dags retrieved from /opt/airflow/dags/normalized_orders_dags.py
[2026-03-22T23:59:40.399+0000] {processor.py:183} INFO - Processing /opt/airflow/dags/normalized_orders_dags.py took 0.041 seconds
