[2026-03-23T00:00:10.681+0000] {processor.py:161} INFO - Started process (PID=569) to work on /opt/airflow/dags/normalized_orders_dags.py
[2026-03-23T00:00:10.682+0000] {processor.py:830} INFO - Processing file /opt/airflow/dags/normalized_orders_dags.py for tasks to queue
[2026-03-23T00:00:10.685+0000] {logging_mixin.py:188} INFO - [2026-03-23T00:00:10.684+0000] {dagbag.py:545} INFO - Filling up the DagBag from /opt/airflow/dags/normalized_orders_dags.py
[2026-03-23T00:00:10.690+0000] {logging_mixin.py:188} INFO - [2026-03-23T00:00:10.689+0000] {dagbag.py:355} ERROR - Failed to import: /opt/airflow/dags/normalized_orders_dags.py
Traceback (most recent call last):
  File "/home/airflow/.local/lib/python3.9/site-packages/airflow/models/dagbag.py", line 351, in parse
    loader.exec_module(new_module)
  File "<frozen importlib._bootstrap_external>", line 850, in exec_module
  File "<frozen importlib._bootstrap>", line 228, in _call_with_frames_removed
  File "/opt/airflow/dags/normalized_orders_dags.py", line 7, in <module>
    from scripts.load_raw_orders import load_raw_orders
ModuleNotFoundError: No module named 'scripts.load_raw_orders'
[2026-03-23T00:00:10.691+0000] {processor.py:842} WARNING - No viable dags retrieved from /opt/airflow/dags/normalized_orders_dags.py
[2026-03-23T00:00:10.720+0000] {processor.py:183} INFO - Processing /opt/airflow/dags/normalized_orders_dags.py took 0.054 seconds
[2026-03-23T00:00:41.071+0000] {processor.py:161} INFO - Started process (PID=574) to work on /opt/airflow/dags/normalized_orders_dags.py
[2026-03-23T00:00:41.073+0000] {processor.py:830} INFO - Processing file /opt/airflow/dags/normalized_orders_dags.py for tasks to queue
[2026-03-23T00:00:41.075+0000] {logging_mixin.py:188} INFO - [2026-03-23T00:00:41.075+0000] {dagbag.py:545} INFO - Filling up the DagBag from /opt/airflow/dags/normalized_orders_dags.py
[2026-03-23T00:00:41.084+0000] {logging_mixin.py:188} INFO - [2026-03-23T00:00:41.083+0000] {dagbag.py:355} ERROR - Failed to import: /opt/airflow/dags/normalized_orders_dags.py
Traceback (most recent call last):
  File "/home/airflow/.local/lib/python3.9/site-packages/airflow/models/dagbag.py", line 351, in parse
    loader.exec_module(new_module)
  File "<frozen importlib._bootstrap_external>", line 850, in exec_module
  File "<frozen importlib._bootstrap>", line 228, in _call_with_frames_removed
  File "/opt/airflow/dags/normalized_orders_dags.py", line 7, in <module>
    from scripts.load_raw_orders import load_raw_orders
ModuleNotFoundError: No module named 'scripts.load_raw_orders'
[2026-03-23T00:00:41.085+0000] {processor.py:842} WARNING - No viable dags retrieved from /opt/airflow/dags/normalized_orders_dags.py
[2026-03-23T00:00:41.121+0000] {processor.py:183} INFO - Processing /opt/airflow/dags/normalized_orders_dags.py took 0.062 seconds
[2026-03-23T00:01:11.362+0000] {processor.py:161} INFO - Started process (PID=579) to work on /opt/airflow/dags/normalized_orders_dags.py
[2026-03-23T00:01:11.369+0000] {processor.py:830} INFO - Processing file /opt/airflow/dags/normalized_orders_dags.py for tasks to queue
[2026-03-23T00:01:11.375+0000] {logging_mixin.py:188} INFO - [2026-03-23T00:01:11.374+0000] {dagbag.py:545} INFO - Filling up the DagBag from /opt/airflow/dags/normalized_orders_dags.py
[2026-03-23T00:01:11.383+0000] {logging_mixin.py:188} INFO - [2026-03-23T00:01:11.382+0000] {dagbag.py:355} ERROR - Failed to import: /opt/airflow/dags/normalized_orders_dags.py
Traceback (most recent call last):
  File "/home/airflow/.local/lib/python3.9/site-packages/airflow/models/dagbag.py", line 351, in parse
    loader.exec_module(new_module)
  File "<frozen importlib._bootstrap_external>", line 850, in exec_module
  File "<frozen importlib._bootstrap>", line 228, in _call_with_frames_removed
  File "/opt/airflow/dags/normalized_orders_dags.py", line 7, in <module>
    from scripts.load_raw_orders import load_raw_orders
ModuleNotFoundError: No module named 'scripts.load_raw_orders'
[2026-03-23T00:01:11.384+0000] {processor.py:842} WARNING - No viable dags retrieved from /opt/airflow/dags/normalized_orders_dags.py
[2026-03-23T00:01:11.431+0000] {processor.py:183} INFO - Processing /opt/airflow/dags/normalized_orders_dags.py took 0.105 seconds
[2026-03-23T00:01:41.650+0000] {processor.py:161} INFO - Started process (PID=598) to work on /opt/airflow/dags/normalized_orders_dags.py
[2026-03-23T00:01:41.651+0000] {processor.py:830} INFO - Processing file /opt/airflow/dags/normalized_orders_dags.py for tasks to queue
[2026-03-23T00:01:41.654+0000] {logging_mixin.py:188} INFO - [2026-03-23T00:01:41.654+0000] {dagbag.py:545} INFO - Filling up the DagBag from /opt/airflow/dags/normalized_orders_dags.py
[2026-03-23T00:01:41.664+0000] {logging_mixin.py:188} INFO - [2026-03-23T00:01:41.661+0000] {dagbag.py:355} ERROR - Failed to import: /opt/airflow/dags/normalized_orders_dags.py
Traceback (most recent call last):
  File "/home/airflow/.local/lib/python3.9/site-packages/airflow/models/dagbag.py", line 351, in parse
    loader.exec_module(new_module)
  File "<frozen importlib._bootstrap_external>", line 850, in exec_module
  File "<frozen importlib._bootstrap>", line 228, in _call_with_frames_removed
  File "/opt/airflow/dags/normalized_orders_dags.py", line 7, in <module>
    from scripts.load_raw_orders import load_raw_orders
ModuleNotFoundError: No module named 'scripts.load_raw_orders'
[2026-03-23T00:01:41.665+0000] {processor.py:842} WARNING - No viable dags retrieved from /opt/airflow/dags/normalized_orders_dags.py
[2026-03-23T00:01:41.688+0000] {processor.py:183} INFO - Processing /opt/airflow/dags/normalized_orders_dags.py took 0.047 seconds
[2026-03-23T00:02:11.884+0000] {processor.py:161} INFO - Started process (PID=603) to work on /opt/airflow/dags/normalized_orders_dags.py
[2026-03-23T00:02:11.889+0000] {processor.py:830} INFO - Processing file /opt/airflow/dags/normalized_orders_dags.py for tasks to queue
[2026-03-23T00:02:11.894+0000] {logging_mixin.py:188} INFO - [2026-03-23T00:02:11.894+0000] {dagbag.py:545} INFO - Filling up the DagBag from /opt/airflow/dags/normalized_orders_dags.py
[2026-03-23T00:02:11.901+0000] {logging_mixin.py:188} INFO - [2026-03-23T00:02:11.900+0000] {dagbag.py:355} ERROR - Failed to import: /opt/airflow/dags/normalized_orders_dags.py
Traceback (most recent call last):
  File "/home/airflow/.local/lib/python3.9/site-packages/airflow/models/dagbag.py", line 351, in parse
    loader.exec_module(new_module)
  File "<frozen importlib._bootstrap_external>", line 850, in exec_module
  File "<frozen importlib._bootstrap>", line 228, in _call_with_frames_removed
  File "/opt/airflow/dags/normalized_orders_dags.py", line 7, in <module>
    from scripts.load_raw_orders import load_raw_orders
ModuleNotFoundError: No module named 'scripts.load_raw_orders'
[2026-03-23T00:02:11.901+0000] {processor.py:842} WARNING - No viable dags retrieved from /opt/airflow/dags/normalized_orders_dags.py
[2026-03-23T00:02:11.934+0000] {processor.py:183} INFO - Processing /opt/airflow/dags/normalized_orders_dags.py took 0.058 seconds
[2026-03-23T00:02:42.300+0000] {processor.py:161} INFO - Started process (PID=614) to work on /opt/airflow/dags/normalized_orders_dags.py
[2026-03-23T00:02:42.302+0000] {processor.py:830} INFO - Processing file /opt/airflow/dags/normalized_orders_dags.py for tasks to queue
[2026-03-23T00:02:42.305+0000] {logging_mixin.py:188} INFO - [2026-03-23T00:02:42.304+0000] {dagbag.py:545} INFO - Filling up the DagBag from /opt/airflow/dags/normalized_orders_dags.py
[2026-03-23T00:02:42.314+0000] {logging_mixin.py:188} INFO - [2026-03-23T00:02:42.313+0000] {dagbag.py:355} ERROR - Failed to import: /opt/airflow/dags/normalized_orders_dags.py
Traceback (most recent call last):
  File "/home/airflow/.local/lib/python3.9/site-packages/airflow/models/dagbag.py", line 351, in parse
    loader.exec_module(new_module)
  File "<frozen importlib._bootstrap_external>", line 850, in exec_module
  File "<frozen importlib._bootstrap>", line 228, in _call_with_frames_removed
  File "/opt/airflow/dags/normalized_orders_dags.py", line 7, in <module>
    from scripts.load_raw_orders import load_raw_orders
ModuleNotFoundError: No module named 'scripts.load_raw_orders'
[2026-03-23T00:02:42.315+0000] {processor.py:842} WARNING - No viable dags retrieved from /opt/airflow/dags/normalized_orders_dags.py
[2026-03-23T00:02:42.343+0000] {processor.py:183} INFO - Processing /opt/airflow/dags/normalized_orders_dags.py took 0.061 seconds
[2026-03-23T00:03:12.698+0000] {processor.py:161} INFO - Started process (PID=625) to work on /opt/airflow/dags/normalized_orders_dags.py
[2026-03-23T00:03:12.701+0000] {processor.py:830} INFO - Processing file /opt/airflow/dags/normalized_orders_dags.py for tasks to queue
[2026-03-23T00:03:12.707+0000] {logging_mixin.py:188} INFO - [2026-03-23T00:03:12.707+0000] {dagbag.py:545} INFO - Filling up the DagBag from /opt/airflow/dags/normalized_orders_dags.py
[2026-03-23T00:03:12.713+0000] {logging_mixin.py:188} INFO - [2026-03-23T00:03:12.712+0000] {dagbag.py:355} ERROR - Failed to import: /opt/airflow/dags/normalized_orders_dags.py
Traceback (most recent call last):
  File "/home/airflow/.local/lib/python3.9/site-packages/airflow/models/dagbag.py", line 351, in parse
    loader.exec_module(new_module)
  File "<frozen importlib._bootstrap_external>", line 850, in exec_module
  File "<frozen importlib._bootstrap>", line 228, in _call_with_frames_removed
  File "/opt/airflow/dags/normalized_orders_dags.py", line 7, in <module>
    from scripts.load_raw_orders import load_raw_orders
ModuleNotFoundError: No module named 'scripts.load_raw_orders'
[2026-03-23T00:03:12.713+0000] {processor.py:842} WARNING - No viable dags retrieved from /opt/airflow/dags/normalized_orders_dags.py
[2026-03-23T00:03:12.738+0000] {processor.py:183} INFO - Processing /opt/airflow/dags/normalized_orders_dags.py took 0.056 seconds
[2026-03-23T00:03:42.955+0000] {processor.py:161} INFO - Started process (PID=630) to work on /opt/airflow/dags/normalized_orders_dags.py
[2026-03-23T00:03:42.956+0000] {processor.py:830} INFO - Processing file /opt/airflow/dags/normalized_orders_dags.py for tasks to queue
[2026-03-23T00:03:42.958+0000] {logging_mixin.py:188} INFO - [2026-03-23T00:03:42.958+0000] {dagbag.py:545} INFO - Filling up the DagBag from /opt/airflow/dags/normalized_orders_dags.py
[2026-03-23T00:03:42.968+0000] {logging_mixin.py:188} INFO - [2026-03-23T00:03:42.967+0000] {dagbag.py:355} ERROR - Failed to import: /opt/airflow/dags/normalized_orders_dags.py
Traceback (most recent call last):
  File "/home/airflow/.local/lib/python3.9/site-packages/airflow/models/dagbag.py", line 351, in parse
    loader.exec_module(new_module)
  File "<frozen importlib._bootstrap_external>", line 850, in exec_module
  File "<frozen importlib._bootstrap>", line 228, in _call_with_frames_removed
  File "/opt/airflow/dags/normalized_orders_dags.py", line 7, in <module>
    from scripts.load_raw_orders import load_raw_orders
ModuleNotFoundError: No module named 'scripts.load_raw_orders'
[2026-03-23T00:03:42.968+0000] {processor.py:842} WARNING - No viable dags retrieved from /opt/airflow/dags/normalized_orders_dags.py
[2026-03-23T00:03:42.992+0000] {processor.py:183} INFO - Processing /opt/airflow/dags/normalized_orders_dags.py took 0.048 seconds
[2026-03-23T00:04:13.183+0000] {processor.py:161} INFO - Started process (PID=635) to work on /opt/airflow/dags/normalized_orders_dags.py
[2026-03-23T00:04:13.184+0000] {processor.py:830} INFO - Processing file /opt/airflow/dags/normalized_orders_dags.py for tasks to queue
[2026-03-23T00:04:13.187+0000] {logging_mixin.py:188} INFO - [2026-03-23T00:04:13.187+0000] {dagbag.py:545} INFO - Filling up the DagBag from /opt/airflow/dags/normalized_orders_dags.py
[2026-03-23T00:04:13.195+0000] {logging_mixin.py:188} INFO - [2026-03-23T00:04:13.194+0000] {dagbag.py:355} ERROR - Failed to import: /opt/airflow/dags/normalized_orders_dags.py
Traceback (most recent call last):
  File "/home/airflow/.local/lib/python3.9/site-packages/airflow/models/dagbag.py", line 351, in parse
    loader.exec_module(new_module)
  File "<frozen importlib._bootstrap_external>", line 850, in exec_module
  File "<frozen importlib._bootstrap>", line 228, in _call_with_frames_removed
  File "/opt/airflow/dags/normalized_orders_dags.py", line 7, in <module>
    from scripts.load_raw_orders import load_raw_orders
ModuleNotFoundError: No module named 'scripts.load_raw_orders'
[2026-03-23T00:04:13.196+0000] {processor.py:842} WARNING - No viable dags retrieved from /opt/airflow/dags/normalized_orders_dags.py
[2026-03-23T00:04:13.221+0000] {processor.py:183} INFO - Processing /opt/airflow/dags/normalized_orders_dags.py took 0.049 seconds
[2026-03-23T00:04:43.442+0000] {processor.py:161} INFO - Started process (PID=640) to work on /opt/airflow/dags/normalized_orders_dags.py
[2026-03-23T00:04:43.443+0000] {processor.py:830} INFO - Processing file /opt/airflow/dags/normalized_orders_dags.py for tasks to queue
[2026-03-23T00:04:43.445+0000] {logging_mixin.py:188} INFO - [2026-03-23T00:04:43.445+0000] {dagbag.py:545} INFO - Filling up the DagBag from /opt/airflow/dags/normalized_orders_dags.py
[2026-03-23T00:04:43.455+0000] {logging_mixin.py:188} INFO - [2026-03-23T00:04:43.453+0000] {dagbag.py:355} ERROR - Failed to import: /opt/airflow/dags/normalized_orders_dags.py
Traceback (most recent call last):
  File "/home/airflow/.local/lib/python3.9/site-packages/airflow/models/dagbag.py", line 351, in parse
    loader.exec_module(new_module)
  File "<frozen importlib._bootstrap_external>", line 850, in exec_module
  File "<frozen importlib._bootstrap>", line 228, in _call_with_frames_removed
  File "/opt/airflow/dags/normalized_orders_dags.py", line 7, in <module>
    from scripts.load_raw_orders import load_raw_orders
ModuleNotFoundError: No module named 'scripts.load_raw_orders'
[2026-03-23T00:04:43.455+0000] {processor.py:842} WARNING - No viable dags retrieved from /opt/airflow/dags/normalized_orders_dags.py
[2026-03-23T00:04:43.480+0000] {processor.py:183} INFO - Processing /opt/airflow/dags/normalized_orders_dags.py took 0.051 seconds
[2026-03-23T00:05:13.767+0000] {processor.py:161} INFO - Started process (PID=645) to work on /opt/airflow/dags/normalized_orders_dags.py
[2026-03-23T00:05:13.770+0000] {processor.py:830} INFO - Processing file /opt/airflow/dags/normalized_orders_dags.py for tasks to queue
[2026-03-23T00:05:13.779+0000] {logging_mixin.py:188} INFO - [2026-03-23T00:05:13.776+0000] {dagbag.py:545} INFO - Filling up the DagBag from /opt/airflow/dags/normalized_orders_dags.py
[2026-03-23T00:05:13.790+0000] {logging_mixin.py:188} INFO - [2026-03-23T00:05:13.789+0000] {dagbag.py:355} ERROR - Failed to import: /opt/airflow/dags/normalized_orders_dags.py
Traceback (most recent call last):
  File "/home/airflow/.local/lib/python3.9/site-packages/airflow/models/dagbag.py", line 351, in parse
    loader.exec_module(new_module)
  File "<frozen importlib._bootstrap_external>", line 850, in exec_module
  File "<frozen importlib._bootstrap>", line 228, in _call_with_frames_removed
  File "/opt/airflow/dags/normalized_orders_dags.py", line 7, in <module>
    from scripts.load_raw_orders import load_raw_orders
ModuleNotFoundError: No module named 'scripts.load_raw_orders'
[2026-03-23T00:05:13.791+0000] {processor.py:842} WARNING - No viable dags retrieved from /opt/airflow/dags/normalized_orders_dags.py
[2026-03-23T00:05:13.817+0000] {processor.py:183} INFO - Processing /opt/airflow/dags/normalized_orders_dags.py took 0.068 seconds
[2026-03-23T00:05:44.022+0000] {processor.py:161} INFO - Started process (PID=650) to work on /opt/airflow/dags/normalized_orders_dags.py
[2026-03-23T00:05:44.030+0000] {processor.py:830} INFO - Processing file /opt/airflow/dags/normalized_orders_dags.py for tasks to queue
[2026-03-23T00:05:44.033+0000] {logging_mixin.py:188} INFO - [2026-03-23T00:05:44.032+0000] {dagbag.py:545} INFO - Filling up the DagBag from /opt/airflow/dags/normalized_orders_dags.py
[2026-03-23T00:05:44.768+0000] {logging_mixin.py:188} INFO - [2026-03-23T00:05:44.767+0000] {templater.py:93} ERROR - Failed to resolve template field 'sql'
Traceback (most recent call last):
  File "/home/airflow/.local/lib/python3.9/site-packages/airflow/template/templater.py", line 91, in resolve_template_files
    setattr(self, field, env.loader.get_source(env, content)[0])  # type: ignore
  File "/home/airflow/.local/lib/python3.9/site-packages/jinja2/loaders.py", line 207, in get_source
    raise TemplateNotFound(template)
jinja2.exceptions.TemplateNotFound: /opt/airflow/sql/ddl.sql
[2026-03-23T00:05:44.769+0000] {logging_mixin.py:188} INFO - [2026-03-23T00:05:44.769+0000] {templater.py:93} ERROR - Failed to resolve template field 'sql'
Traceback (most recent call last):
  File "/home/airflow/.local/lib/python3.9/site-packages/airflow/template/templater.py", line 91, in resolve_template_files
    setattr(self, field, env.loader.get_source(env, content)[0])  # type: ignore
  File "/home/airflow/.local/lib/python3.9/site-packages/jinja2/loaders.py", line 207, in get_source
    raise TemplateNotFound(template)
jinja2.exceptions.TemplateNotFound: /opt/airflow/sql/truncate_normalized_tables.sql
[2026-03-23T00:05:44.781+0000] {processor.py:840} INFO - DAG(s) 'normalize_orders_dag' retrieved from /opt/airflow/dags/normalized_orders_dags.py
[2026-03-23T00:05:44.959+0000] {logging_mixin.py:188} INFO - [2026-03-23T00:05:44.959+0000] {override.py:1858} INFO - Created Permission View: can delete on DAG:normalize_orders_dag
[2026-03-23T00:05:44.963+0000] {logging_mixin.py:188} INFO - [2026-03-23T00:05:44.963+0000] {override.py:1858} INFO - Created Permission View: can read on DAG:normalize_orders_dag
[2026-03-23T00:05:44.966+0000] {logging_mixin.py:188} INFO - [2026-03-23T00:05:44.966+0000] {override.py:1858} INFO - Created Permission View: can edit on DAG:normalize_orders_dag
[2026-03-23T00:05:44.966+0000] {logging_mixin.py:188} INFO - [2026-03-23T00:05:44.966+0000] {dag.py:3089} INFO - Sync 1 DAGs
[2026-03-23T00:05:44.972+0000] {logging_mixin.py:188} INFO - [2026-03-23T00:05:44.971+0000] {dag.py:3111} INFO - Creating ORM DAG for normalize_orders_dag
[2026-03-23T00:05:44.972+0000] {logging_mixin.py:188} INFO - [2026-03-23T00:05:44.972+0000] {dag.py:3947} INFO - Setting next_dagrun for normalize_orders_dag to None, run_after=None
[2026-03-23T00:05:44.999+0000] {processor.py:183} INFO - Processing /opt/airflow/dags/normalized_orders_dags.py took 0.987 seconds
[2026-03-23T00:06:15.272+0000] {processor.py:161} INFO - Started process (PID=670) to work on /opt/airflow/dags/normalized_orders_dags.py
[2026-03-23T00:06:15.273+0000] {processor.py:830} INFO - Processing file /opt/airflow/dags/normalized_orders_dags.py for tasks to queue
[2026-03-23T00:06:15.276+0000] {logging_mixin.py:188} INFO - [2026-03-23T00:06:15.276+0000] {dagbag.py:545} INFO - Filling up the DagBag from /opt/airflow/dags/normalized_orders_dags.py
[2026-03-23T00:06:15.919+0000] {logging_mixin.py:188} INFO - [2026-03-23T00:06:15.918+0000] {templater.py:93} ERROR - Failed to resolve template field 'sql'
Traceback (most recent call last):
  File "/home/airflow/.local/lib/python3.9/site-packages/airflow/template/templater.py", line 91, in resolve_template_files
    setattr(self, field, env.loader.get_source(env, content)[0])  # type: ignore
  File "/home/airflow/.local/lib/python3.9/site-packages/jinja2/loaders.py", line 207, in get_source
    raise TemplateNotFound(template)
jinja2.exceptions.TemplateNotFound: /opt/airflow/sql/ddl.sql
[2026-03-23T00:06:15.920+0000] {logging_mixin.py:188} INFO - [2026-03-23T00:06:15.920+0000] {templater.py:93} ERROR - Failed to resolve template field 'sql'
Traceback (most recent call last):
  File "/home/airflow/.local/lib/python3.9/site-packages/airflow/template/templater.py", line 91, in resolve_template_files
    setattr(self, field, env.loader.get_source(env, content)[0])  # type: ignore
  File "/home/airflow/.local/lib/python3.9/site-packages/jinja2/loaders.py", line 207, in get_source
    raise TemplateNotFound(template)
jinja2.exceptions.TemplateNotFound: /opt/airflow/sql/truncate_normalized_tables.sql
[2026-03-23T00:06:15.928+0000] {processor.py:840} INFO - DAG(s) 'normalize_orders_dag' retrieved from /opt/airflow/dags/normalized_orders_dags.py
[2026-03-23T00:06:16.011+0000] {logging_mixin.py:188} INFO - [2026-03-23T00:06:16.010+0000] {dag.py:3089} INFO - Sync 1 DAGs
[2026-03-23T00:06:16.024+0000] {logging_mixin.py:188} INFO - [2026-03-23T00:06:16.024+0000] {dag.py:3947} INFO - Setting next_dagrun for normalize_orders_dag to None, run_after=None
[2026-03-23T00:06:16.056+0000] {processor.py:183} INFO - Processing /opt/airflow/dags/normalized_orders_dags.py took 0.796 seconds
[2026-03-23T00:06:46.389+0000] {processor.py:161} INFO - Started process (PID=676) to work on /opt/airflow/dags/normalized_orders_dags.py
[2026-03-23T00:06:46.390+0000] {processor.py:830} INFO - Processing file /opt/airflow/dags/normalized_orders_dags.py for tasks to queue
[2026-03-23T00:06:46.392+0000] {logging_mixin.py:188} INFO - [2026-03-23T00:06:46.392+0000] {dagbag.py:545} INFO - Filling up the DagBag from /opt/airflow/dags/normalized_orders_dags.py
[2026-03-23T00:06:46.843+0000] {logging_mixin.py:188} INFO - [2026-03-23T00:06:46.843+0000] {templater.py:93} ERROR - Failed to resolve template field 'sql'
Traceback (most recent call last):
  File "/home/airflow/.local/lib/python3.9/site-packages/airflow/template/templater.py", line 91, in resolve_template_files
    setattr(self, field, env.loader.get_source(env, content)[0])  # type: ignore
  File "/home/airflow/.local/lib/python3.9/site-packages/jinja2/loaders.py", line 207, in get_source
    raise TemplateNotFound(template)
jinja2.exceptions.TemplateNotFound: /opt/airflow/sql/ddl.sql
[2026-03-23T00:06:46.844+0000] {logging_mixin.py:188} INFO - [2026-03-23T00:06:46.844+0000] {templater.py:93} ERROR - Failed to resolve template field 'sql'
Traceback (most recent call last):
  File "/home/airflow/.local/lib/python3.9/site-packages/airflow/template/templater.py", line 91, in resolve_template_files
    setattr(self, field, env.loader.get_source(env, content)[0])  # type: ignore
  File "/home/airflow/.local/lib/python3.9/site-packages/jinja2/loaders.py", line 207, in get_source
    raise TemplateNotFound(template)
jinja2.exceptions.TemplateNotFound: /opt/airflow/sql/truncate_normalized_tables.sql
[2026-03-23T00:06:46.847+0000] {processor.py:840} INFO - DAG(s) 'normalize_orders_dag' retrieved from /opt/airflow/dags/normalized_orders_dags.py
[2026-03-23T00:06:46.873+0000] {logging_mixin.py:188} INFO - [2026-03-23T00:06:46.873+0000] {dag.py:3089} INFO - Sync 1 DAGs
[2026-03-23T00:06:46.882+0000] {logging_mixin.py:188} INFO - [2026-03-23T00:06:46.882+0000] {dag.py:3947} INFO - Setting next_dagrun for normalize_orders_dag to None, run_after=None
[2026-03-23T00:06:46.893+0000] {processor.py:183} INFO - Processing /opt/airflow/dags/normalized_orders_dags.py took 0.513 seconds
[2026-03-23T00:07:17.232+0000] {processor.py:161} INFO - Started process (PID=685) to work on /opt/airflow/dags/normalized_orders_dags.py
[2026-03-23T00:07:17.240+0000] {processor.py:830} INFO - Processing file /opt/airflow/dags/normalized_orders_dags.py for tasks to queue
[2026-03-23T00:07:17.243+0000] {logging_mixin.py:188} INFO - [2026-03-23T00:07:17.242+0000] {dagbag.py:545} INFO - Filling up the DagBag from /opt/airflow/dags/normalized_orders_dags.py
[2026-03-23T00:07:17.831+0000] {logging_mixin.py:188} INFO - [2026-03-23T00:07:17.830+0000] {templater.py:93} ERROR - Failed to resolve template field 'sql'
Traceback (most recent call last):
  File "/home/airflow/.local/lib/python3.9/site-packages/airflow/template/templater.py", line 91, in resolve_template_files
    setattr(self, field, env.loader.get_source(env, content)[0])  # type: ignore
  File "/home/airflow/.local/lib/python3.9/site-packages/jinja2/loaders.py", line 207, in get_source
    raise TemplateNotFound(template)
jinja2.exceptions.TemplateNotFound: /opt/airflow/sql/ddl.sql
[2026-03-23T00:07:17.831+0000] {logging_mixin.py:188} INFO - [2026-03-23T00:07:17.831+0000] {templater.py:93} ERROR - Failed to resolve template field 'sql'
Traceback (most recent call last):
  File "/home/airflow/.local/lib/python3.9/site-packages/airflow/template/templater.py", line 91, in resolve_template_files
    setattr(self, field, env.loader.get_source(env, content)[0])  # type: ignore
  File "/home/airflow/.local/lib/python3.9/site-packages/jinja2/loaders.py", line 207, in get_source
    raise TemplateNotFound(template)
jinja2.exceptions.TemplateNotFound: /opt/airflow/sql/truncate_normalized_tables.sql
[2026-03-23T00:07:17.834+0000] {processor.py:840} INFO - DAG(s) 'normalize_orders_dag' retrieved from /opt/airflow/dags/normalized_orders_dags.py
[2026-03-23T00:07:17.872+0000] {logging_mixin.py:188} INFO - [2026-03-23T00:07:17.872+0000] {dag.py:3089} INFO - Sync 1 DAGs
[2026-03-23T00:07:17.883+0000] {logging_mixin.py:188} INFO - [2026-03-23T00:07:17.883+0000] {dag.py:3947} INFO - Setting next_dagrun for normalize_orders_dag to None, run_after=None
[2026-03-23T00:07:17.909+0000] {processor.py:183} INFO - Processing /opt/airflow/dags/normalized_orders_dags.py took 0.741 seconds
[2026-03-23T00:07:48.065+0000] {processor.py:161} INFO - Started process (PID=691) to work on /opt/airflow/dags/normalized_orders_dags.py
[2026-03-23T00:07:48.067+0000] {processor.py:830} INFO - Processing file /opt/airflow/dags/normalized_orders_dags.py for tasks to queue
[2026-03-23T00:07:48.069+0000] {logging_mixin.py:188} INFO - [2026-03-23T00:07:48.068+0000] {dagbag.py:545} INFO - Filling up the DagBag from /opt/airflow/dags/normalized_orders_dags.py
[2026-03-23T00:07:48.529+0000] {logging_mixin.py:188} INFO - [2026-03-23T00:07:48.528+0000] {templater.py:93} ERROR - Failed to resolve template field 'sql'
Traceback (most recent call last):
  File "/home/airflow/.local/lib/python3.9/site-packages/airflow/template/templater.py", line 91, in resolve_template_files
    setattr(self, field, env.loader.get_source(env, content)[0])  # type: ignore
  File "/home/airflow/.local/lib/python3.9/site-packages/jinja2/loaders.py", line 207, in get_source
    raise TemplateNotFound(template)
jinja2.exceptions.TemplateNotFound: /opt/airflow/sql/ddl.sql
[2026-03-23T00:07:48.529+0000] {logging_mixin.py:188} INFO - [2026-03-23T00:07:48.529+0000] {templater.py:93} ERROR - Failed to resolve template field 'sql'
Traceback (most recent call last):
  File "/home/airflow/.local/lib/python3.9/site-packages/airflow/template/templater.py", line 91, in resolve_template_files
    setattr(self, field, env.loader.get_source(env, content)[0])  # type: ignore
  File "/home/airflow/.local/lib/python3.9/site-packages/jinja2/loaders.py", line 207, in get_source
    raise TemplateNotFound(template)
jinja2.exceptions.TemplateNotFound: /opt/airflow/sql/truncate_normalized_tables.sql
[2026-03-23T00:07:48.532+0000] {processor.py:840} INFO - DAG(s) 'normalize_orders_dag' retrieved from /opt/airflow/dags/normalized_orders_dags.py
[2026-03-23T00:07:48.563+0000] {logging_mixin.py:188} INFO - [2026-03-23T00:07:48.563+0000] {dag.py:3089} INFO - Sync 1 DAGs
[2026-03-23T00:07:48.569+0000] {logging_mixin.py:188} INFO - [2026-03-23T00:07:48.569+0000] {dag.py:3947} INFO - Setting next_dagrun for normalize_orders_dag to None, run_after=None
[2026-03-23T00:07:48.579+0000] {processor.py:183} INFO - Processing /opt/airflow/dags/normalized_orders_dags.py took 0.531 seconds
[2026-03-23T00:08:18.879+0000] {processor.py:161} INFO - Started process (PID=697) to work on /opt/airflow/dags/normalized_orders_dags.py
[2026-03-23T00:08:18.882+0000] {processor.py:830} INFO - Processing file /opt/airflow/dags/normalized_orders_dags.py for tasks to queue
[2026-03-23T00:08:18.887+0000] {logging_mixin.py:188} INFO - [2026-03-23T00:08:18.886+0000] {dagbag.py:545} INFO - Filling up the DagBag from /opt/airflow/dags/normalized_orders_dags.py
[2026-03-23T00:08:19.176+0000] {logging_mixin.py:188} INFO - [2026-03-23T00:08:19.176+0000] {templater.py:93} ERROR - Failed to resolve template field 'sql'
Traceback (most recent call last):
  File "/home/airflow/.local/lib/python3.9/site-packages/airflow/template/templater.py", line 91, in resolve_template_files
    setattr(self, field, env.loader.get_source(env, content)[0])  # type: ignore
  File "/home/airflow/.local/lib/python3.9/site-packages/jinja2/loaders.py", line 207, in get_source
    raise TemplateNotFound(template)
jinja2.exceptions.TemplateNotFound: /opt/airflow/sql/ddl.sql
[2026-03-23T00:08:19.177+0000] {logging_mixin.py:188} INFO - [2026-03-23T00:08:19.177+0000] {templater.py:93} ERROR - Failed to resolve template field 'sql'
Traceback (most recent call last):
  File "/home/airflow/.local/lib/python3.9/site-packages/airflow/template/templater.py", line 91, in resolve_template_files
    setattr(self, field, env.loader.get_source(env, content)[0])  # type: ignore
  File "/home/airflow/.local/lib/python3.9/site-packages/jinja2/loaders.py", line 207, in get_source
    raise TemplateNotFound(template)
jinja2.exceptions.TemplateNotFound: /opt/airflow/sql/truncate_normalized_tables.sql
[2026-03-23T00:08:19.181+0000] {processor.py:840} INFO - DAG(s) 'normalize_orders_dag' retrieved from /opt/airflow/dags/normalized_orders_dags.py
[2026-03-23T00:08:19.388+0000] {logging_mixin.py:188} INFO - [2026-03-23T00:08:19.388+0000] {dag.py:3089} INFO - Sync 1 DAGs
[2026-03-23T00:08:19.396+0000] {logging_mixin.py:188} INFO - [2026-03-23T00:08:19.396+0000] {dag.py:3947} INFO - Setting next_dagrun for normalize_orders_dag to None, run_after=None
[2026-03-23T00:08:19.408+0000] {processor.py:183} INFO - Processing /opt/airflow/dags/normalized_orders_dags.py took 0.541 seconds
[2026-03-23T00:08:49.615+0000] {processor.py:161} INFO - Started process (PID=703) to work on /opt/airflow/dags/normalized_orders_dags.py
[2026-03-23T00:08:49.616+0000] {processor.py:830} INFO - Processing file /opt/airflow/dags/normalized_orders_dags.py for tasks to queue
[2026-03-23T00:08:49.618+0000] {logging_mixin.py:188} INFO - [2026-03-23T00:08:49.618+0000] {dagbag.py:545} INFO - Filling up the DagBag from /opt/airflow/dags/normalized_orders_dags.py
[2026-03-23T00:08:50.048+0000] {logging_mixin.py:188} INFO - [2026-03-23T00:08:50.047+0000] {templater.py:93} ERROR - Failed to resolve template field 'sql'
Traceback (most recent call last):
  File "/home/airflow/.local/lib/python3.9/site-packages/airflow/template/templater.py", line 91, in resolve_template_files
    setattr(self, field, env.loader.get_source(env, content)[0])  # type: ignore
  File "/home/airflow/.local/lib/python3.9/site-packages/jinja2/loaders.py", line 207, in get_source
    raise TemplateNotFound(template)
jinja2.exceptions.TemplateNotFound: /opt/airflow/sql/ddl.sql
[2026-03-23T00:08:50.048+0000] {logging_mixin.py:188} INFO - [2026-03-23T00:08:50.048+0000] {templater.py:93} ERROR - Failed to resolve template field 'sql'
Traceback (most recent call last):
  File "/home/airflow/.local/lib/python3.9/site-packages/airflow/template/templater.py", line 91, in resolve_template_files
    setattr(self, field, env.loader.get_source(env, content)[0])  # type: ignore
  File "/home/airflow/.local/lib/python3.9/site-packages/jinja2/loaders.py", line 207, in get_source
    raise TemplateNotFound(template)
jinja2.exceptions.TemplateNotFound: /opt/airflow/sql/truncate_normalized_tables.sql
[2026-03-23T00:08:50.050+0000] {processor.py:840} INFO - DAG(s) 'normalize_orders_dag' retrieved from /opt/airflow/dags/normalized_orders_dags.py
[2026-03-23T00:08:50.075+0000] {logging_mixin.py:188} INFO - [2026-03-23T00:08:50.075+0000] {dag.py:3089} INFO - Sync 1 DAGs
[2026-03-23T00:08:50.085+0000] {logging_mixin.py:188} INFO - [2026-03-23T00:08:50.085+0000] {dag.py:3947} INFO - Setting next_dagrun for normalize_orders_dag to None, run_after=None
[2026-03-23T00:08:50.095+0000] {processor.py:183} INFO - Processing /opt/airflow/dags/normalized_orders_dags.py took 0.494 seconds
[2026-03-23T00:09:20.383+0000] {processor.py:161} INFO - Started process (PID=709) to work on /opt/airflow/dags/normalized_orders_dags.py
[2026-03-23T00:09:20.387+0000] {processor.py:830} INFO - Processing file /opt/airflow/dags/normalized_orders_dags.py for tasks to queue
[2026-03-23T00:09:20.389+0000] {logging_mixin.py:188} INFO - [2026-03-23T00:09:20.389+0000] {dagbag.py:545} INFO - Filling up the DagBag from /opt/airflow/dags/normalized_orders_dags.py
[2026-03-23T00:09:20.803+0000] {logging_mixin.py:188} INFO - [2026-03-23T00:09:20.803+0000] {templater.py:93} ERROR - Failed to resolve template field 'sql'
Traceback (most recent call last):
  File "/home/airflow/.local/lib/python3.9/site-packages/airflow/template/templater.py", line 91, in resolve_template_files
    setattr(self, field, env.loader.get_source(env, content)[0])  # type: ignore
  File "/home/airflow/.local/lib/python3.9/site-packages/jinja2/loaders.py", line 207, in get_source
    raise TemplateNotFound(template)
jinja2.exceptions.TemplateNotFound: /opt/airflow/sql/ddl.sql
[2026-03-23T00:09:20.804+0000] {logging_mixin.py:188} INFO - [2026-03-23T00:09:20.804+0000] {templater.py:93} ERROR - Failed to resolve template field 'sql'
Traceback (most recent call last):
  File "/home/airflow/.local/lib/python3.9/site-packages/airflow/template/templater.py", line 91, in resolve_template_files
    setattr(self, field, env.loader.get_source(env, content)[0])  # type: ignore
  File "/home/airflow/.local/lib/python3.9/site-packages/jinja2/loaders.py", line 207, in get_source
    raise TemplateNotFound(template)
jinja2.exceptions.TemplateNotFound: /opt/airflow/sql/truncate_normalized_tables.sql
[2026-03-23T00:09:20.806+0000] {processor.py:840} INFO - DAG(s) 'normalize_orders_dag' retrieved from /opt/airflow/dags/normalized_orders_dags.py
[2026-03-23T00:09:20.827+0000] {logging_mixin.py:188} INFO - [2026-03-23T00:09:20.827+0000] {dag.py:3089} INFO - Sync 1 DAGs
[2026-03-23T00:09:20.833+0000] {logging_mixin.py:188} INFO - [2026-03-23T00:09:20.833+0000] {dag.py:3947} INFO - Setting next_dagrun for normalize_orders_dag to None, run_after=None
[2026-03-23T00:09:20.843+0000] {processor.py:183} INFO - Processing /opt/airflow/dags/normalized_orders_dags.py took 0.474 seconds
[2026-03-23T00:09:51.149+0000] {processor.py:161} INFO - Started process (PID=715) to work on /opt/airflow/dags/normalized_orders_dags.py
[2026-03-23T00:09:51.150+0000] {processor.py:830} INFO - Processing file /opt/airflow/dags/normalized_orders_dags.py for tasks to queue
[2026-03-23T00:09:51.153+0000] {logging_mixin.py:188} INFO - [2026-03-23T00:09:51.152+0000] {dagbag.py:545} INFO - Filling up the DagBag from /opt/airflow/dags/normalized_orders_dags.py
[2026-03-23T00:09:51.544+0000] {logging_mixin.py:188} INFO - [2026-03-23T00:09:51.544+0000] {templater.py:93} ERROR - Failed to resolve template field 'sql'
Traceback (most recent call last):
  File "/home/airflow/.local/lib/python3.9/site-packages/airflow/template/templater.py", line 91, in resolve_template_files
    setattr(self, field, env.loader.get_source(env, content)[0])  # type: ignore
  File "/home/airflow/.local/lib/python3.9/site-packages/jinja2/loaders.py", line 207, in get_source
    raise TemplateNotFound(template)
jinja2.exceptions.TemplateNotFound: /opt/airflow/sql/ddl.sql
[2026-03-23T00:09:51.545+0000] {logging_mixin.py:188} INFO - [2026-03-23T00:09:51.544+0000] {templater.py:93} ERROR - Failed to resolve template field 'sql'
Traceback (most recent call last):
  File "/home/airflow/.local/lib/python3.9/site-packages/airflow/template/templater.py", line 91, in resolve_template_files
    setattr(self, field, env.loader.get_source(env, content)[0])  # type: ignore
  File "/home/airflow/.local/lib/python3.9/site-packages/jinja2/loaders.py", line 207, in get_source
    raise TemplateNotFound(template)
jinja2.exceptions.TemplateNotFound: /opt/airflow/sql/truncate_normalized_tables.sql
[2026-03-23T00:09:51.547+0000] {processor.py:840} INFO - DAG(s) 'normalize_orders_dag' retrieved from /opt/airflow/dags/normalized_orders_dags.py
[2026-03-23T00:09:51.566+0000] {logging_mixin.py:188} INFO - [2026-03-23T00:09:51.565+0000] {dag.py:3089} INFO - Sync 1 DAGs
[2026-03-23T00:09:51.573+0000] {logging_mixin.py:188} INFO - [2026-03-23T00:09:51.572+0000] {dag.py:3947} INFO - Setting next_dagrun for normalize_orders_dag to None, run_after=None
[2026-03-23T00:09:51.581+0000] {processor.py:183} INFO - Processing /opt/airflow/dags/normalized_orders_dags.py took 0.446 seconds
[2026-03-23T00:10:07.272+0000] {processor.py:161} INFO - Started process (PID=721) to work on /opt/airflow/dags/normalized_orders_dags.py
[2026-03-23T00:10:07.273+0000] {processor.py:830} INFO - Processing file /opt/airflow/dags/normalized_orders_dags.py for tasks to queue
[2026-03-23T00:10:07.276+0000] {logging_mixin.py:188} INFO - [2026-03-23T00:10:07.276+0000] {dagbag.py:545} INFO - Filling up the DagBag from /opt/airflow/dags/normalized_orders_dags.py
[2026-03-23T00:10:07.677+0000] {processor.py:840} INFO - DAG(s) 'normalize_orders_dag' retrieved from /opt/airflow/dags/normalized_orders_dags.py
[2026-03-23T00:10:07.736+0000] {logging_mixin.py:188} INFO - [2026-03-23T00:10:07.736+0000] {dag.py:3089} INFO - Sync 1 DAGs
[2026-03-23T00:10:07.741+0000] {logging_mixin.py:188} INFO - [2026-03-23T00:10:07.741+0000] {dag.py:3947} INFO - Setting next_dagrun for normalize_orders_dag to None, run_after=None
[2026-03-23T00:10:07.752+0000] {processor.py:183} INFO - Processing /opt/airflow/dags/normalized_orders_dags.py took 0.496 seconds
[2026-03-23T00:10:38.046+0000] {processor.py:161} INFO - Started process (PID=727) to work on /opt/airflow/dags/normalized_orders_dags.py
[2026-03-23T00:10:38.048+0000] {processor.py:830} INFO - Processing file /opt/airflow/dags/normalized_orders_dags.py for tasks to queue
[2026-03-23T00:10:38.052+0000] {logging_mixin.py:188} INFO - [2026-03-23T00:10:38.051+0000] {dagbag.py:545} INFO - Filling up the DagBag from /opt/airflow/dags/normalized_orders_dags.py
[2026-03-23T00:10:38.905+0000] {processor.py:840} INFO - DAG(s) 'normalize_orders_dag' retrieved from /opt/airflow/dags/normalized_orders_dags.py
[2026-03-23T00:10:38.944+0000] {logging_mixin.py:188} INFO - [2026-03-23T00:10:38.944+0000] {dag.py:3089} INFO - Sync 1 DAGs
[2026-03-23T00:10:38.951+0000] {logging_mixin.py:188} INFO - [2026-03-23T00:10:38.951+0000] {dag.py:3947} INFO - Setting next_dagrun for normalize_orders_dag to None, run_after=None
[2026-03-23T00:10:38.970+0000] {processor.py:183} INFO - Processing /opt/airflow/dags/normalized_orders_dags.py took 0.940 seconds
[2026-03-23T00:11:09.360+0000] {processor.py:161} INFO - Started process (PID=747) to work on /opt/airflow/dags/normalized_orders_dags.py
[2026-03-23T00:11:09.363+0000] {processor.py:830} INFO - Processing file /opt/airflow/dags/normalized_orders_dags.py for tasks to queue
[2026-03-23T00:11:09.365+0000] {logging_mixin.py:188} INFO - [2026-03-23T00:11:09.365+0000] {dagbag.py:545} INFO - Filling up the DagBag from /opt/airflow/dags/normalized_orders_dags.py
[2026-03-23T00:11:09.611+0000] {processor.py:840} INFO - DAG(s) 'normalize_orders_dag' retrieved from /opt/airflow/dags/normalized_orders_dags.py
[2026-03-23T00:11:09.785+0000] {logging_mixin.py:188} INFO - [2026-03-23T00:11:09.785+0000] {dag.py:3089} INFO - Sync 1 DAGs
[2026-03-23T00:11:09.791+0000] {logging_mixin.py:188} INFO - [2026-03-23T00:11:09.791+0000] {dag.py:3947} INFO - Setting next_dagrun for normalize_orders_dag to None, run_after=None
[2026-03-23T00:11:09.800+0000] {processor.py:183} INFO - Processing /opt/airflow/dags/normalized_orders_dags.py took 0.451 seconds
[2026-03-23T00:11:40.078+0000] {processor.py:161} INFO - Started process (PID=756) to work on /opt/airflow/dags/normalized_orders_dags.py
[2026-03-23T00:11:40.079+0000] {processor.py:830} INFO - Processing file /opt/airflow/dags/normalized_orders_dags.py for tasks to queue
[2026-03-23T00:11:40.081+0000] {logging_mixin.py:188} INFO - [2026-03-23T00:11:40.081+0000] {dagbag.py:545} INFO - Filling up the DagBag from /opt/airflow/dags/normalized_orders_dags.py
[2026-03-23T00:11:40.494+0000] {processor.py:840} INFO - DAG(s) 'normalize_orders_dag' retrieved from /opt/airflow/dags/normalized_orders_dags.py
[2026-03-23T00:11:40.515+0000] {logging_mixin.py:188} INFO - [2026-03-23T00:11:40.514+0000] {dag.py:3089} INFO - Sync 1 DAGs
[2026-03-23T00:11:40.521+0000] {logging_mixin.py:188} INFO - [2026-03-23T00:11:40.521+0000] {dag.py:3947} INFO - Setting next_dagrun for normalize_orders_dag to None, run_after=None
[2026-03-23T00:11:40.530+0000] {processor.py:183} INFO - Processing /opt/airflow/dags/normalized_orders_dags.py took 0.461 seconds
[2026-03-23T00:12:10.838+0000] {processor.py:161} INFO - Started process (PID=762) to work on /opt/airflow/dags/normalized_orders_dags.py
[2026-03-23T00:12:10.840+0000] {processor.py:830} INFO - Processing file /opt/airflow/dags/normalized_orders_dags.py for tasks to queue
[2026-03-23T00:12:10.843+0000] {logging_mixin.py:188} INFO - [2026-03-23T00:12:10.843+0000] {dagbag.py:545} INFO - Filling up the DagBag from /opt/airflow/dags/normalized_orders_dags.py
[2026-03-23T00:12:11.354+0000] {processor.py:840} INFO - DAG(s) 'normalize_orders_dag' retrieved from /opt/airflow/dags/normalized_orders_dags.py
[2026-03-23T00:12:11.386+0000] {logging_mixin.py:188} INFO - [2026-03-23T00:12:11.386+0000] {dag.py:3089} INFO - Sync 1 DAGs
[2026-03-23T00:12:11.393+0000] {logging_mixin.py:188} INFO - [2026-03-23T00:12:11.393+0000] {dag.py:3947} INFO - Setting next_dagrun for normalize_orders_dag to None, run_after=None
[2026-03-23T00:12:11.403+0000] {processor.py:183} INFO - Processing /opt/airflow/dags/normalized_orders_dags.py took 0.580 seconds
[2026-03-23T00:12:41.670+0000] {processor.py:161} INFO - Started process (PID=771) to work on /opt/airflow/dags/normalized_orders_dags.py
[2026-03-23T00:12:41.674+0000] {processor.py:830} INFO - Processing file /opt/airflow/dags/normalized_orders_dags.py for tasks to queue
[2026-03-23T00:12:41.689+0000] {logging_mixin.py:188} INFO - [2026-03-23T00:12:41.686+0000] {dagbag.py:545} INFO - Filling up the DagBag from /opt/airflow/dags/normalized_orders_dags.py
[2026-03-23T00:12:42.104+0000] {processor.py:840} INFO - DAG(s) 'normalize_orders_dag' retrieved from /opt/airflow/dags/normalized_orders_dags.py
[2026-03-23T00:12:42.129+0000] {logging_mixin.py:188} INFO - [2026-03-23T00:12:42.129+0000] {dag.py:3089} INFO - Sync 1 DAGs
[2026-03-23T00:12:42.137+0000] {logging_mixin.py:188} INFO - [2026-03-23T00:12:42.136+0000] {dag.py:3947} INFO - Setting next_dagrun for normalize_orders_dag to None, run_after=None
[2026-03-23T00:12:42.146+0000] {processor.py:183} INFO - Processing /opt/airflow/dags/normalized_orders_dags.py took 0.487 seconds
[2026-03-23T00:13:12.404+0000] {processor.py:161} INFO - Started process (PID=777) to work on /opt/airflow/dags/normalized_orders_dags.py
[2026-03-23T00:13:12.405+0000] {processor.py:830} INFO - Processing file /opt/airflow/dags/normalized_orders_dags.py for tasks to queue
[2026-03-23T00:13:12.407+0000] {logging_mixin.py:188} INFO - [2026-03-23T00:13:12.407+0000] {dagbag.py:545} INFO - Filling up the DagBag from /opt/airflow/dags/normalized_orders_dags.py
[2026-03-23T00:13:12.752+0000] {processor.py:840} INFO - DAG(s) 'normalize_orders_dag' retrieved from /opt/airflow/dags/normalized_orders_dags.py
[2026-03-23T00:13:12.771+0000] {logging_mixin.py:188} INFO - [2026-03-23T00:13:12.771+0000] {dag.py:3089} INFO - Sync 1 DAGs
[2026-03-23T00:13:12.779+0000] {logging_mixin.py:188} INFO - [2026-03-23T00:13:12.779+0000] {dag.py:3947} INFO - Setting next_dagrun for normalize_orders_dag to None, run_after=None
[2026-03-23T00:13:12.788+0000] {processor.py:183} INFO - Processing /opt/airflow/dags/normalized_orders_dags.py took 0.392 seconds
[2026-03-23T00:13:43.080+0000] {processor.py:161} INFO - Started process (PID=783) to work on /opt/airflow/dags/normalized_orders_dags.py
[2026-03-23T00:13:43.082+0000] {processor.py:830} INFO - Processing file /opt/airflow/dags/normalized_orders_dags.py for tasks to queue
[2026-03-23T00:13:43.085+0000] {logging_mixin.py:188} INFO - [2026-03-23T00:13:43.084+0000] {dagbag.py:545} INFO - Filling up the DagBag from /opt/airflow/dags/normalized_orders_dags.py
[2026-03-23T00:13:43.757+0000] {processor.py:840} INFO - DAG(s) 'normalize_orders_dag' retrieved from /opt/airflow/dags/normalized_orders_dags.py
[2026-03-23T00:13:43.789+0000] {logging_mixin.py:188} INFO - [2026-03-23T00:13:43.788+0000] {dag.py:3089} INFO - Sync 1 DAGs
[2026-03-23T00:13:43.800+0000] {logging_mixin.py:188} INFO - [2026-03-23T00:13:43.800+0000] {dag.py:3947} INFO - Setting next_dagrun for normalize_orders_dag to None, run_after=None
[2026-03-23T00:13:43.819+0000] {processor.py:183} INFO - Processing /opt/airflow/dags/normalized_orders_dags.py took 0.767 seconds
[2026-03-23T00:14:13.950+0000] {processor.py:161} INFO - Started process (PID=789) to work on /opt/airflow/dags/normalized_orders_dags.py
[2026-03-23T00:14:13.953+0000] {processor.py:830} INFO - Processing file /opt/airflow/dags/normalized_orders_dags.py for tasks to queue
[2026-03-23T00:14:13.958+0000] {logging_mixin.py:188} INFO - [2026-03-23T00:14:13.957+0000] {dagbag.py:545} INFO - Filling up the DagBag from /opt/airflow/dags/normalized_orders_dags.py
[2026-03-23T00:14:14.456+0000] {processor.py:840} INFO - DAG(s) 'normalize_orders_dag' retrieved from /opt/airflow/dags/normalized_orders_dags.py
[2026-03-23T00:14:14.487+0000] {logging_mixin.py:188} INFO - [2026-03-23T00:14:14.487+0000] {dag.py:3089} INFO - Sync 1 DAGs
[2026-03-23T00:14:14.494+0000] {logging_mixin.py:188} INFO - [2026-03-23T00:14:14.494+0000] {dag.py:3947} INFO - Setting next_dagrun for normalize_orders_dag to None, run_after=None
[2026-03-23T00:14:14.504+0000] {processor.py:183} INFO - Processing /opt/airflow/dags/normalized_orders_dags.py took 0.568 seconds
[2026-03-23T00:14:44.784+0000] {processor.py:161} INFO - Started process (PID=795) to work on /opt/airflow/dags/normalized_orders_dags.py
[2026-03-23T00:14:44.786+0000] {processor.py:830} INFO - Processing file /opt/airflow/dags/normalized_orders_dags.py for tasks to queue
[2026-03-23T00:14:44.793+0000] {logging_mixin.py:188} INFO - [2026-03-23T00:14:44.788+0000] {dagbag.py:545} INFO - Filling up the DagBag from /opt/airflow/dags/normalized_orders_dags.py
[2026-03-23T00:14:45.208+0000] {processor.py:840} INFO - DAG(s) 'normalize_orders_dag' retrieved from /opt/airflow/dags/normalized_orders_dags.py
[2026-03-23T00:14:45.243+0000] {logging_mixin.py:188} INFO - [2026-03-23T00:14:45.243+0000] {dag.py:3089} INFO - Sync 1 DAGs
[2026-03-23T00:14:45.253+0000] {logging_mixin.py:188} INFO - [2026-03-23T00:14:45.253+0000] {dag.py:3947} INFO - Setting next_dagrun for normalize_orders_dag to None, run_after=None
[2026-03-23T00:14:45.263+0000] {processor.py:183} INFO - Processing /opt/airflow/dags/normalized_orders_dags.py took 0.494 seconds
[2026-03-23T00:15:15.569+0000] {processor.py:161} INFO - Started process (PID=801) to work on /opt/airflow/dags/normalized_orders_dags.py
[2026-03-23T00:15:15.572+0000] {processor.py:830} INFO - Processing file /opt/airflow/dags/normalized_orders_dags.py for tasks to queue
[2026-03-23T00:15:15.575+0000] {logging_mixin.py:188} INFO - [2026-03-23T00:15:15.574+0000] {dagbag.py:545} INFO - Filling up the DagBag from /opt/airflow/dags/normalized_orders_dags.py
[2026-03-23T00:15:16.114+0000] {processor.py:840} INFO - DAG(s) 'normalize_orders_dag' retrieved from /opt/airflow/dags/normalized_orders_dags.py
[2026-03-23T00:15:16.145+0000] {logging_mixin.py:188} INFO - [2026-03-23T00:15:16.145+0000] {dag.py:3089} INFO - Sync 1 DAGs
[2026-03-23T00:15:16.156+0000] {logging_mixin.py:188} INFO - [2026-03-23T00:15:16.156+0000] {dag.py:3947} INFO - Setting next_dagrun for normalize_orders_dag to None, run_after=None
[2026-03-23T00:15:16.171+0000] {processor.py:183} INFO - Processing /opt/airflow/dags/normalized_orders_dags.py took 0.622 seconds
[2026-03-23T00:15:46.268+0000] {processor.py:161} INFO - Started process (PID=807) to work on /opt/airflow/dags/normalized_orders_dags.py
[2026-03-23T00:15:46.269+0000] {processor.py:830} INFO - Processing file /opt/airflow/dags/normalized_orders_dags.py for tasks to queue
[2026-03-23T00:15:46.272+0000] {logging_mixin.py:188} INFO - [2026-03-23T00:15:46.271+0000] {dagbag.py:545} INFO - Filling up the DagBag from /opt/airflow/dags/normalized_orders_dags.py
[2026-03-23T00:15:46.720+0000] {processor.py:840} INFO - DAG(s) 'normalize_orders_dag' retrieved from /opt/airflow/dags/normalized_orders_dags.py
[2026-03-23T00:15:46.769+0000] {logging_mixin.py:188} INFO - [2026-03-23T00:15:46.768+0000] {dag.py:3089} INFO - Sync 1 DAGs
[2026-03-23T00:15:46.776+0000] {logging_mixin.py:188} INFO - [2026-03-23T00:15:46.776+0000] {dag.py:3947} INFO - Setting next_dagrun for normalize_orders_dag to None, run_after=None
[2026-03-23T00:15:46.787+0000] {processor.py:183} INFO - Processing /opt/airflow/dags/normalized_orders_dags.py took 0.533 seconds
[2026-03-23T00:16:17.064+0000] {processor.py:161} INFO - Started process (PID=813) to work on /opt/airflow/dags/normalized_orders_dags.py
[2026-03-23T00:16:17.066+0000] {processor.py:830} INFO - Processing file /opt/airflow/dags/normalized_orders_dags.py for tasks to queue
[2026-03-23T00:16:17.069+0000] {logging_mixin.py:188} INFO - [2026-03-23T00:16:17.068+0000] {dagbag.py:545} INFO - Filling up the DagBag from /opt/airflow/dags/normalized_orders_dags.py
[2026-03-23T00:16:17.520+0000] {processor.py:840} INFO - DAG(s) 'normalize_orders_dag' retrieved from /opt/airflow/dags/normalized_orders_dags.py
[2026-03-23T00:16:17.547+0000] {logging_mixin.py:188} INFO - [2026-03-23T00:16:17.547+0000] {dag.py:3089} INFO - Sync 1 DAGs
[2026-03-23T00:16:17.554+0000] {logging_mixin.py:188} INFO - [2026-03-23T00:16:17.554+0000] {dag.py:3947} INFO - Setting next_dagrun for normalize_orders_dag to None, run_after=None
[2026-03-23T00:16:17.563+0000] {processor.py:183} INFO - Processing /opt/airflow/dags/normalized_orders_dags.py took 0.515 seconds
[2026-03-23T00:16:47.793+0000] {processor.py:161} INFO - Started process (PID=819) to work on /opt/airflow/dags/normalized_orders_dags.py
[2026-03-23T00:16:47.795+0000] {processor.py:830} INFO - Processing file /opt/airflow/dags/normalized_orders_dags.py for tasks to queue
[2026-03-23T00:16:47.799+0000] {logging_mixin.py:188} INFO - [2026-03-23T00:16:47.799+0000] {dagbag.py:545} INFO - Filling up the DagBag from /opt/airflow/dags/normalized_orders_dags.py
[2026-03-23T00:16:48.226+0000] {processor.py:840} INFO - DAG(s) 'normalize_orders_dag' retrieved from /opt/airflow/dags/normalized_orders_dags.py
[2026-03-23T00:16:48.251+0000] {logging_mixin.py:188} INFO - [2026-03-23T00:16:48.250+0000] {dag.py:3089} INFO - Sync 1 DAGs
[2026-03-23T00:16:48.257+0000] {logging_mixin.py:188} INFO - [2026-03-23T00:16:48.257+0000] {dag.py:3947} INFO - Setting next_dagrun for normalize_orders_dag to None, run_after=None
[2026-03-23T00:16:48.266+0000] {processor.py:183} INFO - Processing /opt/airflow/dags/normalized_orders_dags.py took 0.481 seconds
[2026-03-23T00:17:18.537+0000] {processor.py:161} INFO - Started process (PID=825) to work on /opt/airflow/dags/normalized_orders_dags.py
[2026-03-23T00:17:18.539+0000] {processor.py:830} INFO - Processing file /opt/airflow/dags/normalized_orders_dags.py for tasks to queue
[2026-03-23T00:17:18.542+0000] {logging_mixin.py:188} INFO - [2026-03-23T00:17:18.542+0000] {dagbag.py:545} INFO - Filling up the DagBag from /opt/airflow/dags/normalized_orders_dags.py
[2026-03-23T00:17:18.968+0000] {processor.py:840} INFO - DAG(s) 'normalize_orders_dag' retrieved from /opt/airflow/dags/normalized_orders_dags.py
[2026-03-23T00:17:18.997+0000] {logging_mixin.py:188} INFO - [2026-03-23T00:17:18.996+0000] {dag.py:3089} INFO - Sync 1 DAGs
[2026-03-23T00:17:19.006+0000] {logging_mixin.py:188} INFO - [2026-03-23T00:17:19.006+0000] {dag.py:3947} INFO - Setting next_dagrun for normalize_orders_dag to None, run_after=None
[2026-03-23T00:17:19.015+0000] {processor.py:183} INFO - Processing /opt/airflow/dags/normalized_orders_dags.py took 0.489 seconds
[2026-03-23T00:17:49.410+0000] {processor.py:161} INFO - Started process (PID=831) to work on /opt/airflow/dags/normalized_orders_dags.py
[2026-03-23T00:17:49.413+0000] {processor.py:830} INFO - Processing file /opt/airflow/dags/normalized_orders_dags.py for tasks to queue
[2026-03-23T00:17:49.417+0000] {logging_mixin.py:188} INFO - [2026-03-23T00:17:49.416+0000] {dagbag.py:545} INFO - Filling up the DagBag from /opt/airflow/dags/normalized_orders_dags.py
[2026-03-23T00:17:49.846+0000] {processor.py:840} INFO - DAG(s) 'normalize_orders_dag' retrieved from /opt/airflow/dags/normalized_orders_dags.py
[2026-03-23T00:17:49.880+0000] {logging_mixin.py:188} INFO - [2026-03-23T00:17:49.879+0000] {dag.py:3089} INFO - Sync 1 DAGs
[2026-03-23T00:17:49.886+0000] {logging_mixin.py:188} INFO - [2026-03-23T00:17:49.886+0000] {dag.py:3947} INFO - Setting next_dagrun for normalize_orders_dag to None, run_after=None
[2026-03-23T00:17:49.897+0000] {processor.py:183} INFO - Processing /opt/airflow/dags/normalized_orders_dags.py took 0.504 seconds
[2026-03-23T00:18:20.218+0000] {processor.py:161} INFO - Started process (PID=837) to work on /opt/airflow/dags/normalized_orders_dags.py
[2026-03-23T00:18:20.221+0000] {processor.py:830} INFO - Processing file /opt/airflow/dags/normalized_orders_dags.py for tasks to queue
[2026-03-23T00:18:20.223+0000] {logging_mixin.py:188} INFO - [2026-03-23T00:18:20.223+0000] {dagbag.py:545} INFO - Filling up the DagBag from /opt/airflow/dags/normalized_orders_dags.py
[2026-03-23T00:18:20.651+0000] {processor.py:840} INFO - DAG(s) 'normalize_orders_dag' retrieved from /opt/airflow/dags/normalized_orders_dags.py
[2026-03-23T00:18:20.670+0000] {logging_mixin.py:188} INFO - [2026-03-23T00:18:20.670+0000] {dag.py:3089} INFO - Sync 1 DAGs
[2026-03-23T00:18:20.684+0000] {logging_mixin.py:188} INFO - [2026-03-23T00:18:20.684+0000] {dag.py:3947} INFO - Setting next_dagrun for normalize_orders_dag to None, run_after=None
[2026-03-23T00:18:20.693+0000] {processor.py:183} INFO - Processing /opt/airflow/dags/normalized_orders_dags.py took 0.487 seconds
[2026-03-23T00:18:50.956+0000] {processor.py:161} INFO - Started process (PID=843) to work on /opt/airflow/dags/normalized_orders_dags.py
[2026-03-23T00:18:50.961+0000] {processor.py:830} INFO - Processing file /opt/airflow/dags/normalized_orders_dags.py for tasks to queue
[2026-03-23T00:18:50.964+0000] {logging_mixin.py:188} INFO - [2026-03-23T00:18:50.963+0000] {dagbag.py:545} INFO - Filling up the DagBag from /opt/airflow/dags/normalized_orders_dags.py
[2026-03-23T00:18:51.397+0000] {processor.py:840} INFO - DAG(s) 'normalize_orders_dag' retrieved from /opt/airflow/dags/normalized_orders_dags.py
[2026-03-23T00:18:51.423+0000] {logging_mixin.py:188} INFO - [2026-03-23T00:18:51.423+0000] {dag.py:3089} INFO - Sync 1 DAGs
[2026-03-23T00:18:51.430+0000] {logging_mixin.py:188} INFO - [2026-03-23T00:18:51.430+0000] {dag.py:3947} INFO - Setting next_dagrun for normalize_orders_dag to None, run_after=None
[2026-03-23T00:18:51.440+0000] {processor.py:183} INFO - Processing /opt/airflow/dags/normalized_orders_dags.py took 0.494 seconds
[2026-03-23T00:19:21.729+0000] {processor.py:161} INFO - Started process (PID=849) to work on /opt/airflow/dags/normalized_orders_dags.py
[2026-03-23T00:19:21.731+0000] {processor.py:830} INFO - Processing file /opt/airflow/dags/normalized_orders_dags.py for tasks to queue
[2026-03-23T00:19:21.734+0000] {logging_mixin.py:188} INFO - [2026-03-23T00:19:21.733+0000] {dagbag.py:545} INFO - Filling up the DagBag from /opt/airflow/dags/normalized_orders_dags.py
[2026-03-23T00:19:22.394+0000] {processor.py:840} INFO - DAG(s) 'normalize_orders_dag' retrieved from /opt/airflow/dags/normalized_orders_dags.py
[2026-03-23T00:19:22.433+0000] {logging_mixin.py:188} INFO - [2026-03-23T00:19:22.433+0000] {dag.py:3089} INFO - Sync 1 DAGs
[2026-03-23T00:19:22.442+0000] {logging_mixin.py:188} INFO - [2026-03-23T00:19:22.442+0000] {dag.py:3947} INFO - Setting next_dagrun for normalize_orders_dag to None, run_after=None
[2026-03-23T00:19:22.453+0000] {processor.py:183} INFO - Processing /opt/airflow/dags/normalized_orders_dags.py took 0.738 seconds
[2026-03-23T00:19:52.584+0000] {processor.py:161} INFO - Started process (PID=855) to work on /opt/airflow/dags/normalized_orders_dags.py
[2026-03-23T00:19:52.586+0000] {processor.py:830} INFO - Processing file /opt/airflow/dags/normalized_orders_dags.py for tasks to queue
[2026-03-23T00:19:52.594+0000] {logging_mixin.py:188} INFO - [2026-03-23T00:19:52.594+0000] {dagbag.py:545} INFO - Filling up the DagBag from /opt/airflow/dags/normalized_orders_dags.py
[2026-03-23T00:19:53.096+0000] {processor.py:840} INFO - DAG(s) 'normalize_orders_dag' retrieved from /opt/airflow/dags/normalized_orders_dags.py
[2026-03-23T00:19:53.127+0000] {logging_mixin.py:188} INFO - [2026-03-23T00:19:53.126+0000] {dag.py:3089} INFO - Sync 1 DAGs
[2026-03-23T00:19:53.134+0000] {logging_mixin.py:188} INFO - [2026-03-23T00:19:53.134+0000] {dag.py:3947} INFO - Setting next_dagrun for normalize_orders_dag to None, run_after=None
[2026-03-23T00:19:53.147+0000] {processor.py:183} INFO - Processing /opt/airflow/dags/normalized_orders_dags.py took 0.573 seconds
[2026-03-23T00:21:38.271+0000] {processor.py:161} INFO - Started process (PID=164) to work on /opt/airflow/dags/normalized_orders_dags.py
[2026-03-23T00:21:38.273+0000] {processor.py:830} INFO - Processing file /opt/airflow/dags/normalized_orders_dags.py for tasks to queue
[2026-03-23T00:21:38.277+0000] {logging_mixin.py:188} INFO - [2026-03-23T00:21:38.276+0000] {dagbag.py:545} INFO - Filling up the DagBag from /opt/airflow/dags/normalized_orders_dags.py
[2026-03-23T00:21:39.788+0000] {processor.py:840} INFO - DAG(s) 'normalize_orders_dag' retrieved from /opt/airflow/dags/normalized_orders_dags.py
[2026-03-23T00:21:40.161+0000] {logging_mixin.py:188} INFO - [2026-03-23T00:21:40.159+0000] {dag.py:3089} INFO - Sync 1 DAGs
[2026-03-23T00:21:40.492+0000] {logging_mixin.py:188} INFO - [2026-03-23T00:21:40.492+0000] {dag.py:3947} INFO - Setting next_dagrun for normalize_orders_dag to None, run_after=None
[2026-03-23T00:21:40.514+0000] {processor.py:183} INFO - Processing /opt/airflow/dags/normalized_orders_dags.py took 2.256 seconds
[2026-03-23T00:22:10.631+0000] {processor.py:161} INFO - Started process (PID=170) to work on /opt/airflow/dags/normalized_orders_dags.py
[2026-03-23T00:22:10.633+0000] {processor.py:830} INFO - Processing file /opt/airflow/dags/normalized_orders_dags.py for tasks to queue
[2026-03-23T00:22:10.641+0000] {logging_mixin.py:188} INFO - [2026-03-23T00:22:10.639+0000] {dagbag.py:545} INFO - Filling up the DagBag from /opt/airflow/dags/normalized_orders_dags.py
[2026-03-23T00:22:11.392+0000] {processor.py:840} INFO - DAG(s) 'normalize_orders_dag' retrieved from /opt/airflow/dags/normalized_orders_dags.py
[2026-03-23T00:22:11.470+0000] {logging_mixin.py:188} INFO - [2026-03-23T00:22:11.469+0000] {dag.py:3089} INFO - Sync 1 DAGs
[2026-03-23T00:22:11.494+0000] {logging_mixin.py:188} INFO - [2026-03-23T00:22:11.493+0000] {dag.py:3947} INFO - Setting next_dagrun for normalize_orders_dag to None, run_after=None
[2026-03-23T00:22:11.516+0000] {processor.py:183} INFO - Processing /opt/airflow/dags/normalized_orders_dags.py took 0.907 seconds
[2026-03-23T00:22:41.934+0000] {processor.py:161} INFO - Started process (PID=217) to work on /opt/airflow/dags/normalized_orders_dags.py
[2026-03-23T00:22:41.939+0000] {processor.py:830} INFO - Processing file /opt/airflow/dags/normalized_orders_dags.py for tasks to queue
[2026-03-23T00:22:41.946+0000] {logging_mixin.py:188} INFO - [2026-03-23T00:22:41.945+0000] {dagbag.py:545} INFO - Filling up the DagBag from /opt/airflow/dags/normalized_orders_dags.py
[2026-03-23T00:22:42.534+0000] {processor.py:840} INFO - DAG(s) 'normalize_orders_dag' retrieved from /opt/airflow/dags/normalized_orders_dags.py
[2026-03-23T00:22:42.597+0000] {logging_mixin.py:188} INFO - [2026-03-23T00:22:42.596+0000] {dag.py:3089} INFO - Sync 1 DAGs
[2026-03-23T00:22:42.615+0000] {logging_mixin.py:188} INFO - [2026-03-23T00:22:42.615+0000] {dag.py:3947} INFO - Setting next_dagrun for normalize_orders_dag to None, run_after=None
[2026-03-23T00:22:42.639+0000] {processor.py:183} INFO - Processing /opt/airflow/dags/normalized_orders_dags.py took 0.739 seconds
[2026-03-23T00:23:13.033+0000] {processor.py:161} INFO - Started process (PID=223) to work on /opt/airflow/dags/normalized_orders_dags.py
[2026-03-23T00:23:13.036+0000] {processor.py:830} INFO - Processing file /opt/airflow/dags/normalized_orders_dags.py for tasks to queue
[2026-03-23T00:23:13.040+0000] {logging_mixin.py:188} INFO - [2026-03-23T00:23:13.039+0000] {dagbag.py:545} INFO - Filling up the DagBag from /opt/airflow/dags/normalized_orders_dags.py
[2026-03-23T00:23:13.852+0000] {processor.py:840} INFO - DAG(s) 'normalize_orders_dag' retrieved from /opt/airflow/dags/normalized_orders_dags.py
[2026-03-23T00:23:13.954+0000] {logging_mixin.py:188} INFO - [2026-03-23T00:23:13.953+0000] {dag.py:3089} INFO - Sync 1 DAGs
[2026-03-23T00:23:13.986+0000] {logging_mixin.py:188} INFO - [2026-03-23T00:23:13.985+0000] {dag.py:3947} INFO - Setting next_dagrun for normalize_orders_dag to None, run_after=None
[2026-03-23T00:23:14.018+0000] {processor.py:183} INFO - Processing /opt/airflow/dags/normalized_orders_dags.py took 0.998 seconds
[2026-03-23T00:23:44.486+0000] {processor.py:161} INFO - Started process (PID=229) to work on /opt/airflow/dags/normalized_orders_dags.py
[2026-03-23T00:23:44.489+0000] {processor.py:830} INFO - Processing file /opt/airflow/dags/normalized_orders_dags.py for tasks to queue
[2026-03-23T00:23:44.494+0000] {logging_mixin.py:188} INFO - [2026-03-23T00:23:44.494+0000] {dagbag.py:545} INFO - Filling up the DagBag from /opt/airflow/dags/normalized_orders_dags.py
[2026-03-23T00:23:45.057+0000] {processor.py:840} INFO - DAG(s) 'normalize_orders_dag' retrieved from /opt/airflow/dags/normalized_orders_dags.py
[2026-03-23T00:23:45.111+0000] {logging_mixin.py:188} INFO - [2026-03-23T00:23:45.110+0000] {dag.py:3089} INFO - Sync 1 DAGs
[2026-03-23T00:23:45.128+0000] {logging_mixin.py:188} INFO - [2026-03-23T00:23:45.128+0000] {dag.py:3947} INFO - Setting next_dagrun for normalize_orders_dag to None, run_after=None
[2026-03-23T00:23:45.148+0000] {processor.py:183} INFO - Processing /opt/airflow/dags/normalized_orders_dags.py took 0.686 seconds
[2026-03-23T00:24:15.448+0000] {processor.py:161} INFO - Started process (PID=235) to work on /opt/airflow/dags/normalized_orders_dags.py
[2026-03-23T00:24:15.450+0000] {processor.py:830} INFO - Processing file /opt/airflow/dags/normalized_orders_dags.py for tasks to queue
[2026-03-23T00:24:15.460+0000] {logging_mixin.py:188} INFO - [2026-03-23T00:24:15.459+0000] {dagbag.py:545} INFO - Filling up the DagBag from /opt/airflow/dags/normalized_orders_dags.py
[2026-03-23T00:24:15.932+0000] {processor.py:840} INFO - DAG(s) 'normalize_orders_dag' retrieved from /opt/airflow/dags/normalized_orders_dags.py
[2026-03-23T00:24:16.028+0000] {logging_mixin.py:188} INFO - [2026-03-23T00:24:16.027+0000] {dag.py:3089} INFO - Sync 1 DAGs
[2026-03-23T00:24:16.051+0000] {logging_mixin.py:188} INFO - [2026-03-23T00:24:16.050+0000] {dag.py:3947} INFO - Setting next_dagrun for normalize_orders_dag to None, run_after=None
[2026-03-23T00:24:16.078+0000] {processor.py:183} INFO - Processing /opt/airflow/dags/normalized_orders_dags.py took 0.641 seconds
[2026-03-23T00:24:46.668+0000] {processor.py:161} INFO - Started process (PID=241) to work on /opt/airflow/dags/normalized_orders_dags.py
[2026-03-23T00:24:46.670+0000] {processor.py:830} INFO - Processing file /opt/airflow/dags/normalized_orders_dags.py for tasks to queue
[2026-03-23T00:24:46.673+0000] {logging_mixin.py:188} INFO - [2026-03-23T00:24:46.672+0000] {dagbag.py:545} INFO - Filling up the DagBag from /opt/airflow/dags/normalized_orders_dags.py
[2026-03-23T00:24:47.140+0000] {processor.py:840} INFO - DAG(s) 'normalize_orders_dag' retrieved from /opt/airflow/dags/normalized_orders_dags.py
[2026-03-23T00:24:47.201+0000] {logging_mixin.py:188} INFO - [2026-03-23T00:24:47.200+0000] {dag.py:3089} INFO - Sync 1 DAGs
[2026-03-23T00:24:47.230+0000] {logging_mixin.py:188} INFO - [2026-03-23T00:24:47.230+0000] {dag.py:3947} INFO - Setting next_dagrun for normalize_orders_dag to None, run_after=None
[2026-03-23T00:24:47.260+0000] {processor.py:183} INFO - Processing /opt/airflow/dags/normalized_orders_dags.py took 0.600 seconds
[2026-03-23T00:25:17.553+0000] {processor.py:161} INFO - Started process (PID=247) to work on /opt/airflow/dags/normalized_orders_dags.py
[2026-03-23T00:25:17.555+0000] {processor.py:830} INFO - Processing file /opt/airflow/dags/normalized_orders_dags.py for tasks to queue
[2026-03-23T00:25:17.559+0000] {logging_mixin.py:188} INFO - [2026-03-23T00:25:17.558+0000] {dagbag.py:545} INFO - Filling up the DagBag from /opt/airflow/dags/normalized_orders_dags.py
[2026-03-23T00:25:18.068+0000] {processor.py:840} INFO - DAG(s) 'normalize_orders_dag' retrieved from /opt/airflow/dags/normalized_orders_dags.py
[2026-03-23T00:25:18.136+0000] {logging_mixin.py:188} INFO - [2026-03-23T00:25:18.134+0000] {dag.py:3089} INFO - Sync 1 DAGs
[2026-03-23T00:25:18.171+0000] {logging_mixin.py:188} INFO - [2026-03-23T00:25:18.171+0000] {dag.py:3947} INFO - Setting next_dagrun for normalize_orders_dag to None, run_after=None
[2026-03-23T00:25:18.221+0000] {processor.py:183} INFO - Processing /opt/airflow/dags/normalized_orders_dags.py took 0.694 seconds
[2026-03-23T00:25:48.836+0000] {processor.py:161} INFO - Started process (PID=253) to work on /opt/airflow/dags/normalized_orders_dags.py
[2026-03-23T00:25:48.838+0000] {processor.py:830} INFO - Processing file /opt/airflow/dags/normalized_orders_dags.py for tasks to queue
[2026-03-23T00:25:48.840+0000] {logging_mixin.py:188} INFO - [2026-03-23T00:25:48.839+0000] {dagbag.py:545} INFO - Filling up the DagBag from /opt/airflow/dags/normalized_orders_dags.py
[2026-03-23T00:25:49.337+0000] {processor.py:840} INFO - DAG(s) 'normalize_orders_dag' retrieved from /opt/airflow/dags/normalized_orders_dags.py
[2026-03-23T00:25:49.401+0000] {logging_mixin.py:188} INFO - [2026-03-23T00:25:49.401+0000] {dag.py:3089} INFO - Sync 1 DAGs
[2026-03-23T00:25:49.424+0000] {logging_mixin.py:188} INFO - [2026-03-23T00:25:49.424+0000] {dag.py:3947} INFO - Setting next_dagrun for normalize_orders_dag to None, run_after=None
[2026-03-23T00:25:49.472+0000] {processor.py:183} INFO - Processing /opt/airflow/dags/normalized_orders_dags.py took 0.643 seconds
[2026-03-23T00:26:19.929+0000] {processor.py:161} INFO - Started process (PID=259) to work on /opt/airflow/dags/normalized_orders_dags.py
[2026-03-23T00:26:19.932+0000] {processor.py:830} INFO - Processing file /opt/airflow/dags/normalized_orders_dags.py for tasks to queue
[2026-03-23T00:26:19.935+0000] {logging_mixin.py:188} INFO - [2026-03-23T00:26:19.934+0000] {dagbag.py:545} INFO - Filling up the DagBag from /opt/airflow/dags/normalized_orders_dags.py
[2026-03-23T00:26:20.419+0000] {processor.py:840} INFO - DAG(s) 'normalize_orders_dag' retrieved from /opt/airflow/dags/normalized_orders_dags.py
[2026-03-23T00:26:20.476+0000] {logging_mixin.py:188} INFO - [2026-03-23T00:26:20.476+0000] {dag.py:3089} INFO - Sync 1 DAGs
[2026-03-23T00:26:20.550+0000] {logging_mixin.py:188} INFO - [2026-03-23T00:26:20.549+0000] {dag.py:3947} INFO - Setting next_dagrun for normalize_orders_dag to None, run_after=None
[2026-03-23T00:26:20.635+0000] {processor.py:183} INFO - Processing /opt/airflow/dags/normalized_orders_dags.py took 0.727 seconds
[2026-03-23T00:26:50.973+0000] {processor.py:161} INFO - Started process (PID=265) to work on /opt/airflow/dags/normalized_orders_dags.py
[2026-03-23T00:26:50.974+0000] {processor.py:830} INFO - Processing file /opt/airflow/dags/normalized_orders_dags.py for tasks to queue
[2026-03-23T00:26:50.976+0000] {logging_mixin.py:188} INFO - [2026-03-23T00:26:50.976+0000] {dagbag.py:545} INFO - Filling up the DagBag from /opt/airflow/dags/normalized_orders_dags.py
[2026-03-23T00:26:51.573+0000] {processor.py:840} INFO - DAG(s) 'normalize_orders_dag' retrieved from /opt/airflow/dags/normalized_orders_dags.py
[2026-03-23T00:26:51.663+0000] {logging_mixin.py:188} INFO - [2026-03-23T00:26:51.662+0000] {dag.py:3089} INFO - Sync 1 DAGs
[2026-03-23T00:26:51.704+0000] {logging_mixin.py:188} INFO - [2026-03-23T00:26:51.704+0000] {dag.py:3947} INFO - Setting next_dagrun for normalize_orders_dag to None, run_after=None
[2026-03-23T00:26:51.741+0000] {processor.py:183} INFO - Processing /opt/airflow/dags/normalized_orders_dags.py took 0.779 seconds
[2026-03-23T00:27:21.912+0000] {processor.py:161} INFO - Started process (PID=271) to work on /opt/airflow/dags/normalized_orders_dags.py
[2026-03-23T00:27:21.915+0000] {processor.py:830} INFO - Processing file /opt/airflow/dags/normalized_orders_dags.py for tasks to queue
[2026-03-23T00:27:21.917+0000] {logging_mixin.py:188} INFO - [2026-03-23T00:27:21.916+0000] {dagbag.py:545} INFO - Filling up the DagBag from /opt/airflow/dags/normalized_orders_dags.py
[2026-03-23T00:27:22.542+0000] {processor.py:840} INFO - DAG(s) 'normalize_orders_dag' retrieved from /opt/airflow/dags/normalized_orders_dags.py
[2026-03-23T00:27:22.579+0000] {logging_mixin.py:188} INFO - [2026-03-23T00:27:22.578+0000] {dag.py:3089} INFO - Sync 1 DAGs
[2026-03-23T00:27:22.600+0000] {logging_mixin.py:188} INFO - [2026-03-23T00:27:22.600+0000] {dag.py:3947} INFO - Setting next_dagrun for normalize_orders_dag to None, run_after=None
[2026-03-23T00:27:22.619+0000] {processor.py:183} INFO - Processing /opt/airflow/dags/normalized_orders_dags.py took 0.718 seconds
[2026-03-23T00:27:53.140+0000] {processor.py:161} INFO - Started process (PID=277) to work on /opt/airflow/dags/normalized_orders_dags.py
[2026-03-23T00:27:53.144+0000] {processor.py:830} INFO - Processing file /opt/airflow/dags/normalized_orders_dags.py for tasks to queue
[2026-03-23T00:27:53.153+0000] {logging_mixin.py:188} INFO - [2026-03-23T00:27:53.152+0000] {dagbag.py:545} INFO - Filling up the DagBag from /opt/airflow/dags/normalized_orders_dags.py
[2026-03-23T00:27:53.694+0000] {processor.py:840} INFO - DAG(s) 'normalize_orders_dag' retrieved from /opt/airflow/dags/normalized_orders_dags.py
[2026-03-23T00:27:53.754+0000] {logging_mixin.py:188} INFO - [2026-03-23T00:27:53.754+0000] {dag.py:3089} INFO - Sync 1 DAGs
[2026-03-23T00:27:53.775+0000] {logging_mixin.py:188} INFO - [2026-03-23T00:27:53.775+0000] {dag.py:3947} INFO - Setting next_dagrun for normalize_orders_dag to None, run_after=None
[2026-03-23T00:27:53.801+0000] {processor.py:183} INFO - Processing /opt/airflow/dags/normalized_orders_dags.py took 0.678 seconds
[2026-03-23T00:28:24.329+0000] {processor.py:161} INFO - Started process (PID=283) to work on /opt/airflow/dags/normalized_orders_dags.py
[2026-03-23T00:28:24.331+0000] {processor.py:830} INFO - Processing file /opt/airflow/dags/normalized_orders_dags.py for tasks to queue
[2026-03-23T00:28:24.335+0000] {logging_mixin.py:188} INFO - [2026-03-23T00:28:24.334+0000] {dagbag.py:545} INFO - Filling up the DagBag from /opt/airflow/dags/normalized_orders_dags.py
[2026-03-23T00:28:25.047+0000] {processor.py:840} INFO - DAG(s) 'normalize_orders_dag' retrieved from /opt/airflow/dags/normalized_orders_dags.py
[2026-03-23T00:28:25.125+0000] {logging_mixin.py:188} INFO - [2026-03-23T00:28:25.124+0000] {dag.py:3089} INFO - Sync 1 DAGs
[2026-03-23T00:28:25.153+0000] {logging_mixin.py:188} INFO - [2026-03-23T00:28:25.153+0000] {dag.py:3947} INFO - Setting next_dagrun for normalize_orders_dag to None, run_after=None
[2026-03-23T00:28:25.187+0000] {processor.py:183} INFO - Processing /opt/airflow/dags/normalized_orders_dags.py took 0.878 seconds
[2026-03-23T00:28:55.484+0000] {processor.py:161} INFO - Started process (PID=289) to work on /opt/airflow/dags/normalized_orders_dags.py
[2026-03-23T00:28:55.487+0000] {processor.py:830} INFO - Processing file /opt/airflow/dags/normalized_orders_dags.py for tasks to queue
[2026-03-23T00:28:55.489+0000] {logging_mixin.py:188} INFO - [2026-03-23T00:28:55.489+0000] {dagbag.py:545} INFO - Filling up the DagBag from /opt/airflow/dags/normalized_orders_dags.py
[2026-03-23T00:28:55.949+0000] {processor.py:840} INFO - DAG(s) 'normalize_orders_dag' retrieved from /opt/airflow/dags/normalized_orders_dags.py
[2026-03-23T00:28:56.047+0000] {logging_mixin.py:188} INFO - [2026-03-23T00:28:56.046+0000] {dag.py:3089} INFO - Sync 1 DAGs
[2026-03-23T00:28:56.073+0000] {logging_mixin.py:188} INFO - [2026-03-23T00:28:56.072+0000] {dag.py:3947} INFO - Setting next_dagrun for normalize_orders_dag to None, run_after=None
[2026-03-23T00:28:56.127+0000] {processor.py:183} INFO - Processing /opt/airflow/dags/normalized_orders_dags.py took 0.653 seconds
[2026-03-23T00:29:26.213+0000] {processor.py:161} INFO - Started process (PID=319) to work on /opt/airflow/dags/normalized_orders_dags.py
[2026-03-23T00:29:26.216+0000] {processor.py:830} INFO - Processing file /opt/airflow/dags/normalized_orders_dags.py for tasks to queue
[2026-03-23T00:29:26.219+0000] {logging_mixin.py:188} INFO - [2026-03-23T00:29:26.219+0000] {dagbag.py:545} INFO - Filling up the DagBag from /opt/airflow/dags/normalized_orders_dags.py
[2026-03-23T00:29:26.640+0000] {processor.py:840} INFO - DAG(s) 'normalize_orders_dag' retrieved from /opt/airflow/dags/normalized_orders_dags.py
[2026-03-23T00:29:26.685+0000] {logging_mixin.py:188} INFO - [2026-03-23T00:29:26.685+0000] {dag.py:3089} INFO - Sync 1 DAGs
[2026-03-23T00:29:26.709+0000] {logging_mixin.py:188} INFO - [2026-03-23T00:29:26.708+0000] {dag.py:3947} INFO - Setting next_dagrun for normalize_orders_dag to None, run_after=None
[2026-03-23T00:29:26.727+0000] {processor.py:183} INFO - Processing /opt/airflow/dags/normalized_orders_dags.py took 0.536 seconds
[2026-03-23T00:29:57.029+0000] {processor.py:161} INFO - Started process (PID=325) to work on /opt/airflow/dags/normalized_orders_dags.py
[2026-03-23T00:29:57.031+0000] {processor.py:830} INFO - Processing file /opt/airflow/dags/normalized_orders_dags.py for tasks to queue
[2026-03-23T00:29:57.033+0000] {logging_mixin.py:188} INFO - [2026-03-23T00:29:57.033+0000] {dagbag.py:545} INFO - Filling up the DagBag from /opt/airflow/dags/normalized_orders_dags.py
[2026-03-23T00:29:57.351+0000] {processor.py:840} INFO - DAG(s) 'normalize_orders_dag' retrieved from /opt/airflow/dags/normalized_orders_dags.py
[2026-03-23T00:29:57.388+0000] {logging_mixin.py:188} INFO - [2026-03-23T00:29:57.387+0000] {dag.py:3089} INFO - Sync 1 DAGs
[2026-03-23T00:29:57.400+0000] {logging_mixin.py:188} INFO - [2026-03-23T00:29:57.399+0000] {dag.py:3947} INFO - Setting next_dagrun for normalize_orders_dag to None, run_after=None
[2026-03-23T00:29:57.412+0000] {processor.py:183} INFO - Processing /opt/airflow/dags/normalized_orders_dags.py took 0.396 seconds
[2026-03-23T00:30:27.705+0000] {processor.py:161} INFO - Started process (PID=331) to work on /opt/airflow/dags/normalized_orders_dags.py
[2026-03-23T00:30:27.708+0000] {processor.py:830} INFO - Processing file /opt/airflow/dags/normalized_orders_dags.py for tasks to queue
[2026-03-23T00:30:27.717+0000] {logging_mixin.py:188} INFO - [2026-03-23T00:30:27.716+0000] {dagbag.py:545} INFO - Filling up the DagBag from /opt/airflow/dags/normalized_orders_dags.py
[2026-03-23T00:30:28.137+0000] {processor.py:840} INFO - DAG(s) 'normalize_orders_dag' retrieved from /opt/airflow/dags/normalized_orders_dags.py
[2026-03-23T00:30:28.191+0000] {logging_mixin.py:188} INFO - [2026-03-23T00:30:28.190+0000] {dag.py:3089} INFO - Sync 1 DAGs
[2026-03-23T00:30:28.208+0000] {logging_mixin.py:188} INFO - [2026-03-23T00:30:28.208+0000] {dag.py:3947} INFO - Setting next_dagrun for normalize_orders_dag to None, run_after=None
[2026-03-23T00:30:28.231+0000] {processor.py:183} INFO - Processing /opt/airflow/dags/normalized_orders_dags.py took 0.547 seconds
[2026-03-23T00:30:58.566+0000] {processor.py:161} INFO - Started process (PID=337) to work on /opt/airflow/dags/normalized_orders_dags.py
[2026-03-23T00:30:58.569+0000] {processor.py:830} INFO - Processing file /opt/airflow/dags/normalized_orders_dags.py for tasks to queue
[2026-03-23T00:30:58.572+0000] {logging_mixin.py:188} INFO - [2026-03-23T00:30:58.571+0000] {dagbag.py:545} INFO - Filling up the DagBag from /opt/airflow/dags/normalized_orders_dags.py
[2026-03-23T00:30:58.871+0000] {processor.py:840} INFO - DAG(s) 'normalize_orders_dag' retrieved from /opt/airflow/dags/normalized_orders_dags.py
[2026-03-23T00:30:58.903+0000] {logging_mixin.py:188} INFO - [2026-03-23T00:30:58.903+0000] {dag.py:3089} INFO - Sync 1 DAGs
[2026-03-23T00:30:58.919+0000] {logging_mixin.py:188} INFO - [2026-03-23T00:30:58.919+0000] {dag.py:3947} INFO - Setting next_dagrun for normalize_orders_dag to None, run_after=None
[2026-03-23T00:30:58.930+0000] {processor.py:183} INFO - Processing /opt/airflow/dags/normalized_orders_dags.py took 0.373 seconds
[2026-03-23T00:31:29.199+0000] {processor.py:161} INFO - Started process (PID=343) to work on /opt/airflow/dags/normalized_orders_dags.py
[2026-03-23T00:31:29.203+0000] {processor.py:830} INFO - Processing file /opt/airflow/dags/normalized_orders_dags.py for tasks to queue
[2026-03-23T00:31:29.205+0000] {logging_mixin.py:188} INFO - [2026-03-23T00:31:29.205+0000] {dagbag.py:545} INFO - Filling up the DagBag from /opt/airflow/dags/normalized_orders_dags.py
[2026-03-23T00:31:29.520+0000] {processor.py:840} INFO - DAG(s) 'normalize_orders_dag' retrieved from /opt/airflow/dags/normalized_orders_dags.py
[2026-03-23T00:31:29.554+0000] {logging_mixin.py:188} INFO - [2026-03-23T00:31:29.554+0000] {dag.py:3089} INFO - Sync 1 DAGs
[2026-03-23T00:31:29.565+0000] {logging_mixin.py:188} INFO - [2026-03-23T00:31:29.565+0000] {dag.py:3947} INFO - Setting next_dagrun for normalize_orders_dag to None, run_after=None
[2026-03-23T00:31:29.577+0000] {processor.py:183} INFO - Processing /opt/airflow/dags/normalized_orders_dags.py took 0.398 seconds
[2026-03-23T00:31:59.858+0000] {processor.py:161} INFO - Started process (PID=349) to work on /opt/airflow/dags/normalized_orders_dags.py
[2026-03-23T00:31:59.861+0000] {processor.py:830} INFO - Processing file /opt/airflow/dags/normalized_orders_dags.py for tasks to queue
[2026-03-23T00:31:59.864+0000] {logging_mixin.py:188} INFO - [2026-03-23T00:31:59.863+0000] {dagbag.py:545} INFO - Filling up the DagBag from /opt/airflow/dags/normalized_orders_dags.py
[2026-03-23T00:32:00.145+0000] {processor.py:840} INFO - DAG(s) 'normalize_orders_dag' retrieved from /opt/airflow/dags/normalized_orders_dags.py
[2026-03-23T00:32:00.175+0000] {logging_mixin.py:188} INFO - [2026-03-23T00:32:00.174+0000] {dag.py:3089} INFO - Sync 1 DAGs
[2026-03-23T00:32:00.185+0000] {logging_mixin.py:188} INFO - [2026-03-23T00:32:00.185+0000] {dag.py:3947} INFO - Setting next_dagrun for normalize_orders_dag to None, run_after=None
[2026-03-23T00:32:00.199+0000] {processor.py:183} INFO - Processing /opt/airflow/dags/normalized_orders_dags.py took 0.358 seconds
[2026-03-23T00:32:30.442+0000] {processor.py:161} INFO - Started process (PID=355) to work on /opt/airflow/dags/normalized_orders_dags.py
[2026-03-23T00:32:30.444+0000] {processor.py:830} INFO - Processing file /opt/airflow/dags/normalized_orders_dags.py for tasks to queue
[2026-03-23T00:32:30.449+0000] {logging_mixin.py:188} INFO - [2026-03-23T00:32:30.448+0000] {dagbag.py:545} INFO - Filling up the DagBag from /opt/airflow/dags/normalized_orders_dags.py
[2026-03-23T00:32:30.770+0000] {processor.py:840} INFO - DAG(s) 'normalize_orders_dag' retrieved from /opt/airflow/dags/normalized_orders_dags.py
[2026-03-23T00:32:30.804+0000] {logging_mixin.py:188} INFO - [2026-03-23T00:32:30.804+0000] {dag.py:3089} INFO - Sync 1 DAGs
[2026-03-23T00:32:30.815+0000] {logging_mixin.py:188} INFO - [2026-03-23T00:32:30.815+0000] {dag.py:3947} INFO - Setting next_dagrun for normalize_orders_dag to None, run_after=None
[2026-03-23T00:32:30.827+0000] {processor.py:183} INFO - Processing /opt/airflow/dags/normalized_orders_dags.py took 0.401 seconds
[2026-03-23T00:33:01.127+0000] {processor.py:161} INFO - Started process (PID=361) to work on /opt/airflow/dags/normalized_orders_dags.py
[2026-03-23T00:33:01.130+0000] {processor.py:830} INFO - Processing file /opt/airflow/dags/normalized_orders_dags.py for tasks to queue
[2026-03-23T00:33:01.138+0000] {logging_mixin.py:188} INFO - [2026-03-23T00:33:01.136+0000] {dagbag.py:545} INFO - Filling up the DagBag from /opt/airflow/dags/normalized_orders_dags.py
[2026-03-23T00:33:01.445+0000] {processor.py:840} INFO - DAG(s) 'normalize_orders_dag' retrieved from /opt/airflow/dags/normalized_orders_dags.py
[2026-03-23T00:33:01.478+0000] {logging_mixin.py:188} INFO - [2026-03-23T00:33:01.477+0000] {dag.py:3089} INFO - Sync 1 DAGs
[2026-03-23T00:33:01.488+0000] {logging_mixin.py:188} INFO - [2026-03-23T00:33:01.488+0000] {dag.py:3947} INFO - Setting next_dagrun for normalize_orders_dag to None, run_after=None
[2026-03-23T00:33:01.502+0000] {processor.py:183} INFO - Processing /opt/airflow/dags/normalized_orders_dags.py took 0.390 seconds
[2026-03-23T00:33:31.723+0000] {processor.py:161} INFO - Started process (PID=367) to work on /opt/airflow/dags/normalized_orders_dags.py
[2026-03-23T00:33:31.725+0000] {processor.py:830} INFO - Processing file /opt/airflow/dags/normalized_orders_dags.py for tasks to queue
[2026-03-23T00:33:31.727+0000] {logging_mixin.py:188} INFO - [2026-03-23T00:33:31.727+0000] {dagbag.py:545} INFO - Filling up the DagBag from /opt/airflow/dags/normalized_orders_dags.py
[2026-03-23T00:33:32.072+0000] {processor.py:840} INFO - DAG(s) 'normalize_orders_dag' retrieved from /opt/airflow/dags/normalized_orders_dags.py
[2026-03-23T00:33:32.111+0000] {logging_mixin.py:188} INFO - [2026-03-23T00:33:32.110+0000] {dag.py:3089} INFO - Sync 1 DAGs
[2026-03-23T00:33:32.121+0000] {logging_mixin.py:188} INFO - [2026-03-23T00:33:32.120+0000] {dag.py:3947} INFO - Setting next_dagrun for normalize_orders_dag to None, run_after=None
[2026-03-23T00:33:32.136+0000] {processor.py:183} INFO - Processing /opt/airflow/dags/normalized_orders_dags.py took 0.426 seconds
[2026-03-23T00:34:02.446+0000] {processor.py:161} INFO - Started process (PID=373) to work on /opt/airflow/dags/normalized_orders_dags.py
[2026-03-23T00:34:02.449+0000] {processor.py:830} INFO - Processing file /opt/airflow/dags/normalized_orders_dags.py for tasks to queue
[2026-03-23T00:34:02.453+0000] {logging_mixin.py:188} INFO - [2026-03-23T00:34:02.453+0000] {dagbag.py:545} INFO - Filling up the DagBag from /opt/airflow/dags/normalized_orders_dags.py
[2026-03-23T00:34:02.737+0000] {processor.py:840} INFO - DAG(s) 'normalize_orders_dag' retrieved from /opt/airflow/dags/normalized_orders_dags.py
[2026-03-23T00:34:02.774+0000] {logging_mixin.py:188} INFO - [2026-03-23T00:34:02.774+0000] {dag.py:3089} INFO - Sync 1 DAGs
[2026-03-23T00:34:02.783+0000] {logging_mixin.py:188} INFO - [2026-03-23T00:34:02.783+0000] {dag.py:3947} INFO - Setting next_dagrun for normalize_orders_dag to None, run_after=None
[2026-03-23T00:34:02.793+0000] {processor.py:183} INFO - Processing /opt/airflow/dags/normalized_orders_dags.py took 0.363 seconds
[2026-03-23T00:34:33.013+0000] {processor.py:161} INFO - Started process (PID=379) to work on /opt/airflow/dags/normalized_orders_dags.py
[2026-03-23T00:34:33.015+0000] {processor.py:830} INFO - Processing file /opt/airflow/dags/normalized_orders_dags.py for tasks to queue
[2026-03-23T00:34:33.019+0000] {logging_mixin.py:188} INFO - [2026-03-23T00:34:33.018+0000] {dagbag.py:545} INFO - Filling up the DagBag from /opt/airflow/dags/normalized_orders_dags.py
[2026-03-23T00:34:33.268+0000] {processor.py:840} INFO - DAG(s) 'normalize_orders_dag' retrieved from /opt/airflow/dags/normalized_orders_dags.py
[2026-03-23T00:34:33.301+0000] {logging_mixin.py:188} INFO - [2026-03-23T00:34:33.300+0000] {dag.py:3089} INFO - Sync 1 DAGs
[2026-03-23T00:34:33.311+0000] {logging_mixin.py:188} INFO - [2026-03-23T00:34:33.311+0000] {dag.py:3947} INFO - Setting next_dagrun for normalize_orders_dag to None, run_after=None
[2026-03-23T00:34:33.325+0000] {processor.py:183} INFO - Processing /opt/airflow/dags/normalized_orders_dags.py took 0.329 seconds
[2026-03-23T00:35:03.635+0000] {processor.py:161} INFO - Started process (PID=385) to work on /opt/airflow/dags/normalized_orders_dags.py
[2026-03-23T00:35:03.637+0000] {processor.py:830} INFO - Processing file /opt/airflow/dags/normalized_orders_dags.py for tasks to queue
[2026-03-23T00:35:03.644+0000] {logging_mixin.py:188} INFO - [2026-03-23T00:35:03.643+0000] {dagbag.py:545} INFO - Filling up the DagBag from /opt/airflow/dags/normalized_orders_dags.py
[2026-03-23T00:35:03.903+0000] {processor.py:840} INFO - DAG(s) 'normalize_orders_dag' retrieved from /opt/airflow/dags/normalized_orders_dags.py
[2026-03-23T00:35:03.936+0000] {logging_mixin.py:188} INFO - [2026-03-23T00:35:03.936+0000] {dag.py:3089} INFO - Sync 1 DAGs
[2026-03-23T00:35:03.945+0000] {logging_mixin.py:188} INFO - [2026-03-23T00:35:03.945+0000] {dag.py:3947} INFO - Setting next_dagrun for normalize_orders_dag to None, run_after=None
[2026-03-23T00:35:03.957+0000] {processor.py:183} INFO - Processing /opt/airflow/dags/normalized_orders_dags.py took 0.336 seconds
[2026-03-23T00:35:34.242+0000] {processor.py:161} INFO - Started process (PID=391) to work on /opt/airflow/dags/normalized_orders_dags.py
[2026-03-23T00:35:34.244+0000] {processor.py:830} INFO - Processing file /opt/airflow/dags/normalized_orders_dags.py for tasks to queue
[2026-03-23T00:35:34.249+0000] {logging_mixin.py:188} INFO - [2026-03-23T00:35:34.248+0000] {dagbag.py:545} INFO - Filling up the DagBag from /opt/airflow/dags/normalized_orders_dags.py
[2026-03-23T00:35:34.520+0000] {processor.py:840} INFO - DAG(s) 'normalize_orders_dag' retrieved from /opt/airflow/dags/normalized_orders_dags.py
[2026-03-23T00:35:34.559+0000] {logging_mixin.py:188} INFO - [2026-03-23T00:35:34.559+0000] {dag.py:3089} INFO - Sync 1 DAGs
[2026-03-23T00:35:34.570+0000] {logging_mixin.py:188} INFO - [2026-03-23T00:35:34.570+0000] {dag.py:3947} INFO - Setting next_dagrun for normalize_orders_dag to None, run_after=None
[2026-03-23T00:35:34.581+0000] {processor.py:183} INFO - Processing /opt/airflow/dags/normalized_orders_dags.py took 0.353 seconds
[2026-03-23T00:36:04.863+0000] {processor.py:161} INFO - Started process (PID=397) to work on /opt/airflow/dags/normalized_orders_dags.py
[2026-03-23T00:36:04.866+0000] {processor.py:830} INFO - Processing file /opt/airflow/dags/normalized_orders_dags.py for tasks to queue
[2026-03-23T00:36:04.869+0000] {logging_mixin.py:188} INFO - [2026-03-23T00:36:04.868+0000] {dagbag.py:545} INFO - Filling up the DagBag from /opt/airflow/dags/normalized_orders_dags.py
[2026-03-23T00:36:05.141+0000] {processor.py:840} INFO - DAG(s) 'normalize_orders_dag' retrieved from /opt/airflow/dags/normalized_orders_dags.py
[2026-03-23T00:36:05.179+0000] {logging_mixin.py:188} INFO - [2026-03-23T00:36:05.178+0000] {dag.py:3089} INFO - Sync 1 DAGs
[2026-03-23T00:36:05.188+0000] {logging_mixin.py:188} INFO - [2026-03-23T00:36:05.188+0000] {dag.py:3947} INFO - Setting next_dagrun for normalize_orders_dag to None, run_after=None
[2026-03-23T00:36:05.208+0000] {processor.py:183} INFO - Processing /opt/airflow/dags/normalized_orders_dags.py took 0.362 seconds
[2026-03-23T00:36:35.541+0000] {processor.py:161} INFO - Started process (PID=403) to work on /opt/airflow/dags/normalized_orders_dags.py
[2026-03-23T00:36:35.543+0000] {processor.py:830} INFO - Processing file /opt/airflow/dags/normalized_orders_dags.py for tasks to queue
[2026-03-23T00:36:35.545+0000] {logging_mixin.py:188} INFO - [2026-03-23T00:36:35.545+0000] {dagbag.py:545} INFO - Filling up the DagBag from /opt/airflow/dags/normalized_orders_dags.py
[2026-03-23T00:36:35.822+0000] {processor.py:840} INFO - DAG(s) 'normalize_orders_dag' retrieved from /opt/airflow/dags/normalized_orders_dags.py
[2026-03-23T00:36:35.855+0000] {logging_mixin.py:188} INFO - [2026-03-23T00:36:35.855+0000] {dag.py:3089} INFO - Sync 1 DAGs
[2026-03-23T00:36:35.865+0000] {logging_mixin.py:188} INFO - [2026-03-23T00:36:35.865+0000] {dag.py:3947} INFO - Setting next_dagrun for normalize_orders_dag to None, run_after=None
[2026-03-23T00:36:35.879+0000] {processor.py:183} INFO - Processing /opt/airflow/dags/normalized_orders_dags.py took 0.347 seconds
[2026-03-23T00:37:06.068+0000] {processor.py:161} INFO - Started process (PID=409) to work on /opt/airflow/dags/normalized_orders_dags.py
[2026-03-23T00:37:06.073+0000] {processor.py:830} INFO - Processing file /opt/airflow/dags/normalized_orders_dags.py for tasks to queue
[2026-03-23T00:37:06.075+0000] {logging_mixin.py:188} INFO - [2026-03-23T00:37:06.075+0000] {dagbag.py:545} INFO - Filling up the DagBag from /opt/airflow/dags/normalized_orders_dags.py
[2026-03-23T00:37:06.358+0000] {processor.py:840} INFO - DAG(s) 'normalize_orders_dag' retrieved from /opt/airflow/dags/normalized_orders_dags.py
[2026-03-23T00:37:06.401+0000] {logging_mixin.py:188} INFO - [2026-03-23T00:37:06.401+0000] {dag.py:3089} INFO - Sync 1 DAGs
[2026-03-23T00:37:06.413+0000] {logging_mixin.py:188} INFO - [2026-03-23T00:37:06.413+0000] {dag.py:3947} INFO - Setting next_dagrun for normalize_orders_dag to None, run_after=None
[2026-03-23T00:37:06.425+0000] {processor.py:183} INFO - Processing /opt/airflow/dags/normalized_orders_dags.py took 0.374 seconds
[2026-03-23T00:37:36.758+0000] {processor.py:161} INFO - Started process (PID=415) to work on /opt/airflow/dags/normalized_orders_dags.py
[2026-03-23T00:37:36.760+0000] {processor.py:830} INFO - Processing file /opt/airflow/dags/normalized_orders_dags.py for tasks to queue
[2026-03-23T00:37:36.764+0000] {logging_mixin.py:188} INFO - [2026-03-23T00:37:36.763+0000] {dagbag.py:545} INFO - Filling up the DagBag from /opt/airflow/dags/normalized_orders_dags.py
[2026-03-23T00:37:37.110+0000] {processor.py:840} INFO - DAG(s) 'normalize_orders_dag' retrieved from /opt/airflow/dags/normalized_orders_dags.py
[2026-03-23T00:37:37.150+0000] {logging_mixin.py:188} INFO - [2026-03-23T00:37:37.150+0000] {dag.py:3089} INFO - Sync 1 DAGs
[2026-03-23T00:37:37.161+0000] {logging_mixin.py:188} INFO - [2026-03-23T00:37:37.161+0000] {dag.py:3947} INFO - Setting next_dagrun for normalize_orders_dag to None, run_after=None
[2026-03-23T00:37:37.176+0000] {processor.py:183} INFO - Processing /opt/airflow/dags/normalized_orders_dags.py took 0.435 seconds
[2026-03-23T00:38:07.531+0000] {processor.py:161} INFO - Started process (PID=421) to work on /opt/airflow/dags/normalized_orders_dags.py
[2026-03-23T00:38:07.536+0000] {processor.py:830} INFO - Processing file /opt/airflow/dags/normalized_orders_dags.py for tasks to queue
[2026-03-23T00:38:07.543+0000] {logging_mixin.py:188} INFO - [2026-03-23T00:38:07.540+0000] {dagbag.py:545} INFO - Filling up the DagBag from /opt/airflow/dags/normalized_orders_dags.py
[2026-03-23T00:38:08.028+0000] {processor.py:840} INFO - DAG(s) 'normalize_orders_dag' retrieved from /opt/airflow/dags/normalized_orders_dags.py
[2026-03-23T00:38:08.118+0000] {logging_mixin.py:188} INFO - [2026-03-23T00:38:08.118+0000] {dag.py:3089} INFO - Sync 1 DAGs
[2026-03-23T00:38:08.138+0000] {logging_mixin.py:188} INFO - [2026-03-23T00:38:08.137+0000] {dag.py:3947} INFO - Setting next_dagrun for normalize_orders_dag to None, run_after=None
[2026-03-23T00:38:08.155+0000] {processor.py:183} INFO - Processing /opt/airflow/dags/normalized_orders_dags.py took 0.643 seconds
[2026-03-23T00:38:38.357+0000] {processor.py:161} INFO - Started process (PID=427) to work on /opt/airflow/dags/normalized_orders_dags.py
[2026-03-23T00:38:38.359+0000] {processor.py:830} INFO - Processing file /opt/airflow/dags/normalized_orders_dags.py for tasks to queue
[2026-03-23T00:38:38.362+0000] {logging_mixin.py:188} INFO - [2026-03-23T00:38:38.361+0000] {dagbag.py:545} INFO - Filling up the DagBag from /opt/airflow/dags/normalized_orders_dags.py
[2026-03-23T00:38:38.645+0000] {processor.py:840} INFO - DAG(s) 'normalize_orders_dag' retrieved from /opt/airflow/dags/normalized_orders_dags.py
[2026-03-23T00:38:38.679+0000] {logging_mixin.py:188} INFO - [2026-03-23T00:38:38.679+0000] {dag.py:3089} INFO - Sync 1 DAGs
[2026-03-23T00:38:38.693+0000] {logging_mixin.py:188} INFO - [2026-03-23T00:38:38.692+0000] {dag.py:3947} INFO - Setting next_dagrun for normalize_orders_dag to None, run_after=None
[2026-03-23T00:38:38.705+0000] {processor.py:183} INFO - Processing /opt/airflow/dags/normalized_orders_dags.py took 0.359 seconds
[2026-03-23T00:39:08.984+0000] {processor.py:161} INFO - Started process (PID=433) to work on /opt/airflow/dags/normalized_orders_dags.py
[2026-03-23T00:39:08.987+0000] {processor.py:830} INFO - Processing file /opt/airflow/dags/normalized_orders_dags.py for tasks to queue
[2026-03-23T00:39:08.989+0000] {logging_mixin.py:188} INFO - [2026-03-23T00:39:08.989+0000] {dagbag.py:545} INFO - Filling up the DagBag from /opt/airflow/dags/normalized_orders_dags.py
[2026-03-23T00:39:09.279+0000] {processor.py:840} INFO - DAG(s) 'normalize_orders_dag' retrieved from /opt/airflow/dags/normalized_orders_dags.py
[2026-03-23T00:39:09.315+0000] {logging_mixin.py:188} INFO - [2026-03-23T00:39:09.315+0000] {dag.py:3089} INFO - Sync 1 DAGs
[2026-03-23T00:39:09.325+0000] {logging_mixin.py:188} INFO - [2026-03-23T00:39:09.325+0000] {dag.py:3947} INFO - Setting next_dagrun for normalize_orders_dag to None, run_after=None
[2026-03-23T00:39:09.336+0000] {processor.py:183} INFO - Processing /opt/airflow/dags/normalized_orders_dags.py took 0.370 seconds
[2026-03-23T00:39:39.620+0000] {processor.py:161} INFO - Started process (PID=439) to work on /opt/airflow/dags/normalized_orders_dags.py
[2026-03-23T00:39:39.623+0000] {processor.py:830} INFO - Processing file /opt/airflow/dags/normalized_orders_dags.py for tasks to queue
[2026-03-23T00:39:39.634+0000] {logging_mixin.py:188} INFO - [2026-03-23T00:39:39.632+0000] {dagbag.py:545} INFO - Filling up the DagBag from /opt/airflow/dags/normalized_orders_dags.py
[2026-03-23T00:39:39.946+0000] {processor.py:840} INFO - DAG(s) 'normalize_orders_dag' retrieved from /opt/airflow/dags/normalized_orders_dags.py
[2026-03-23T00:39:39.977+0000] {logging_mixin.py:188} INFO - [2026-03-23T00:39:39.976+0000] {dag.py:3089} INFO - Sync 1 DAGs
[2026-03-23T00:39:39.989+0000] {logging_mixin.py:188} INFO - [2026-03-23T00:39:39.988+0000] {dag.py:3947} INFO - Setting next_dagrun for normalize_orders_dag to None, run_after=None
[2026-03-23T00:39:40.000+0000] {processor.py:183} INFO - Processing /opt/airflow/dags/normalized_orders_dags.py took 0.396 seconds
[2026-03-23T00:40:10.284+0000] {processor.py:161} INFO - Started process (PID=451) to work on /opt/airflow/dags/normalized_orders_dags.py
[2026-03-23T00:40:10.291+0000] {processor.py:830} INFO - Processing file /opt/airflow/dags/normalized_orders_dags.py for tasks to queue
[2026-03-23T00:40:10.294+0000] {logging_mixin.py:188} INFO - [2026-03-23T00:40:10.294+0000] {dagbag.py:545} INFO - Filling up the DagBag from /opt/airflow/dags/normalized_orders_dags.py
[2026-03-23T00:40:10.603+0000] {processor.py:840} INFO - DAG(s) 'normalize_orders_dag' retrieved from /opt/airflow/dags/normalized_orders_dags.py
[2026-03-23T00:40:10.641+0000] {logging_mixin.py:188} INFO - [2026-03-23T00:40:10.641+0000] {dag.py:3089} INFO - Sync 1 DAGs
[2026-03-23T00:40:10.655+0000] {logging_mixin.py:188} INFO - [2026-03-23T00:40:10.654+0000] {dag.py:3947} INFO - Setting next_dagrun for normalize_orders_dag to None, run_after=None
[2026-03-23T00:40:10.665+0000] {processor.py:183} INFO - Processing /opt/airflow/dags/normalized_orders_dags.py took 0.394 seconds
[2026-03-23T00:40:40.921+0000] {processor.py:161} INFO - Started process (PID=471) to work on /opt/airflow/dags/normalized_orders_dags.py
[2026-03-23T00:40:40.925+0000] {processor.py:830} INFO - Processing file /opt/airflow/dags/normalized_orders_dags.py for tasks to queue
[2026-03-23T00:40:40.927+0000] {logging_mixin.py:188} INFO - [2026-03-23T00:40:40.926+0000] {dagbag.py:545} INFO - Filling up the DagBag from /opt/airflow/dags/normalized_orders_dags.py
[2026-03-23T00:40:41.266+0000] {processor.py:840} INFO - DAG(s) 'normalize_orders_dag' retrieved from /opt/airflow/dags/normalized_orders_dags.py
[2026-03-23T00:40:41.298+0000] {logging_mixin.py:188} INFO - [2026-03-23T00:40:41.298+0000] {dag.py:3089} INFO - Sync 1 DAGs
[2026-03-23T00:40:41.307+0000] {logging_mixin.py:188} INFO - [2026-03-23T00:40:41.307+0000] {dag.py:3947} INFO - Setting next_dagrun for normalize_orders_dag to None, run_after=None
[2026-03-23T00:40:41.320+0000] {processor.py:183} INFO - Processing /opt/airflow/dags/normalized_orders_dags.py took 0.405 seconds
[2026-03-23T00:41:11.556+0000] {processor.py:161} INFO - Started process (PID=477) to work on /opt/airflow/dags/normalized_orders_dags.py
[2026-03-23T00:41:11.557+0000] {processor.py:830} INFO - Processing file /opt/airflow/dags/normalized_orders_dags.py for tasks to queue
[2026-03-23T00:41:11.561+0000] {logging_mixin.py:188} INFO - [2026-03-23T00:41:11.560+0000] {dagbag.py:545} INFO - Filling up the DagBag from /opt/airflow/dags/normalized_orders_dags.py
[2026-03-23T00:41:11.967+0000] {processor.py:840} INFO - DAG(s) 'normalize_orders_dag' retrieved from /opt/airflow/dags/normalized_orders_dags.py
[2026-03-23T00:41:12.008+0000] {logging_mixin.py:188} INFO - [2026-03-23T00:41:12.007+0000] {dag.py:3089} INFO - Sync 1 DAGs
[2026-03-23T00:41:12.020+0000] {logging_mixin.py:188} INFO - [2026-03-23T00:41:12.020+0000] {dag.py:3947} INFO - Setting next_dagrun for normalize_orders_dag to None, run_after=None
[2026-03-23T00:41:12.037+0000] {processor.py:183} INFO - Processing /opt/airflow/dags/normalized_orders_dags.py took 0.488 seconds
[2026-03-23T00:41:42.321+0000] {processor.py:161} INFO - Started process (PID=483) to work on /opt/airflow/dags/normalized_orders_dags.py
[2026-03-23T00:41:42.326+0000] {processor.py:830} INFO - Processing file /opt/airflow/dags/normalized_orders_dags.py for tasks to queue
[2026-03-23T00:41:42.328+0000] {logging_mixin.py:188} INFO - [2026-03-23T00:41:42.328+0000] {dagbag.py:545} INFO - Filling up the DagBag from /opt/airflow/dags/normalized_orders_dags.py
[2026-03-23T00:41:42.771+0000] {processor.py:840} INFO - DAG(s) 'normalize_orders_dag' retrieved from /opt/airflow/dags/normalized_orders_dags.py
[2026-03-23T00:41:42.814+0000] {logging_mixin.py:188} INFO - [2026-03-23T00:41:42.814+0000] {dag.py:3089} INFO - Sync 1 DAGs
[2026-03-23T00:41:42.840+0000] {logging_mixin.py:188} INFO - [2026-03-23T00:41:42.840+0000] {dag.py:3947} INFO - Setting next_dagrun for normalize_orders_dag to None, run_after=None
[2026-03-23T00:41:42.860+0000] {processor.py:183} INFO - Processing /opt/airflow/dags/normalized_orders_dags.py took 0.559 seconds
[2026-03-23T00:42:13.235+0000] {processor.py:161} INFO - Started process (PID=489) to work on /opt/airflow/dags/normalized_orders_dags.py
[2026-03-23T00:42:13.241+0000] {processor.py:830} INFO - Processing file /opt/airflow/dags/normalized_orders_dags.py for tasks to queue
[2026-03-23T00:42:13.247+0000] {logging_mixin.py:188} INFO - [2026-03-23T00:42:13.246+0000] {dagbag.py:545} INFO - Filling up the DagBag from /opt/airflow/dags/normalized_orders_dags.py
[2026-03-23T00:42:13.840+0000] {processor.py:840} INFO - DAG(s) 'normalize_orders_dag' retrieved from /opt/airflow/dags/normalized_orders_dags.py
[2026-03-23T00:42:13.920+0000] {logging_mixin.py:188} INFO - [2026-03-23T00:42:13.919+0000] {dag.py:3089} INFO - Sync 1 DAGs
[2026-03-23T00:42:13.934+0000] {logging_mixin.py:188} INFO - [2026-03-23T00:42:13.934+0000] {dag.py:3947} INFO - Setting next_dagrun for normalize_orders_dag to None, run_after=None
[2026-03-23T00:42:13.957+0000] {processor.py:183} INFO - Processing /opt/airflow/dags/normalized_orders_dags.py took 0.738 seconds
[2026-03-23T00:42:44.489+0000] {processor.py:161} INFO - Started process (PID=495) to work on /opt/airflow/dags/normalized_orders_dags.py
[2026-03-23T00:42:44.496+0000] {processor.py:830} INFO - Processing file /opt/airflow/dags/normalized_orders_dags.py for tasks to queue
[2026-03-23T00:42:44.501+0000] {logging_mixin.py:188} INFO - [2026-03-23T00:42:44.500+0000] {dagbag.py:545} INFO - Filling up the DagBag from /opt/airflow/dags/normalized_orders_dags.py
[2026-03-23T00:42:45.203+0000] {processor.py:840} INFO - DAG(s) 'normalize_orders_dag' retrieved from /opt/airflow/dags/normalized_orders_dags.py
[2026-03-23T00:42:45.298+0000] {logging_mixin.py:188} INFO - [2026-03-23T00:42:45.297+0000] {dag.py:3089} INFO - Sync 1 DAGs
[2026-03-23T00:42:45.336+0000] {logging_mixin.py:188} INFO - [2026-03-23T00:42:45.335+0000] {dag.py:3947} INFO - Setting next_dagrun for normalize_orders_dag to None, run_after=None
[2026-03-23T00:42:45.389+0000] {processor.py:183} INFO - Processing /opt/airflow/dags/normalized_orders_dags.py took 0.977 seconds
[2026-03-23T00:43:15.927+0000] {processor.py:161} INFO - Started process (PID=501) to work on /opt/airflow/dags/normalized_orders_dags.py
[2026-03-23T00:43:15.930+0000] {processor.py:830} INFO - Processing file /opt/airflow/dags/normalized_orders_dags.py for tasks to queue
[2026-03-23T00:43:15.933+0000] {logging_mixin.py:188} INFO - [2026-03-23T00:43:15.932+0000] {dagbag.py:545} INFO - Filling up the DagBag from /opt/airflow/dags/normalized_orders_dags.py
[2026-03-23T00:43:16.261+0000] {processor.py:840} INFO - DAG(s) 'normalize_orders_dag' retrieved from /opt/airflow/dags/normalized_orders_dags.py
[2026-03-23T00:43:16.322+0000] {logging_mixin.py:188} INFO - [2026-03-23T00:43:16.321+0000] {dag.py:3089} INFO - Sync 1 DAGs
[2026-03-23T00:43:16.344+0000] {logging_mixin.py:188} INFO - [2026-03-23T00:43:16.344+0000] {dag.py:3947} INFO - Setting next_dagrun for normalize_orders_dag to None, run_after=None
[2026-03-23T00:43:16.365+0000] {processor.py:183} INFO - Processing /opt/airflow/dags/normalized_orders_dags.py took 0.451 seconds
[2026-03-23T00:43:46.706+0000] {processor.py:161} INFO - Started process (PID=507) to work on /opt/airflow/dags/normalized_orders_dags.py
[2026-03-23T00:43:46.709+0000] {processor.py:830} INFO - Processing file /opt/airflow/dags/normalized_orders_dags.py for tasks to queue
[2026-03-23T00:43:46.712+0000] {logging_mixin.py:188} INFO - [2026-03-23T00:43:46.711+0000] {dagbag.py:545} INFO - Filling up the DagBag from /opt/airflow/dags/normalized_orders_dags.py
[2026-03-23T00:43:47.116+0000] {processor.py:840} INFO - DAG(s) 'normalize_orders_dag' retrieved from /opt/airflow/dags/normalized_orders_dags.py
[2026-03-23T00:43:47.165+0000] {logging_mixin.py:188} INFO - [2026-03-23T00:43:47.164+0000] {dag.py:3089} INFO - Sync 1 DAGs
[2026-03-23T00:43:47.177+0000] {logging_mixin.py:188} INFO - [2026-03-23T00:43:47.177+0000] {dag.py:3947} INFO - Setting next_dagrun for normalize_orders_dag to None, run_after=None
[2026-03-23T00:43:47.193+0000] {processor.py:183} INFO - Processing /opt/airflow/dags/normalized_orders_dags.py took 0.499 seconds
[2026-03-23T00:44:17.578+0000] {processor.py:161} INFO - Started process (PID=513) to work on /opt/airflow/dags/normalized_orders_dags.py
[2026-03-23T00:44:17.580+0000] {processor.py:830} INFO - Processing file /opt/airflow/dags/normalized_orders_dags.py for tasks to queue
[2026-03-23T00:44:17.583+0000] {logging_mixin.py:188} INFO - [2026-03-23T00:44:17.582+0000] {dagbag.py:545} INFO - Filling up the DagBag from /opt/airflow/dags/normalized_orders_dags.py
[2026-03-23T00:44:18.672+0000] {processor.py:840} INFO - DAG(s) 'normalize_orders_dag' retrieved from /opt/airflow/dags/normalized_orders_dags.py
[2026-03-23T00:44:18.800+0000] {logging_mixin.py:188} INFO - [2026-03-23T00:44:18.799+0000] {dag.py:3089} INFO - Sync 1 DAGs
[2026-03-23T00:44:18.831+0000] {logging_mixin.py:188} INFO - [2026-03-23T00:44:18.830+0000] {dag.py:3947} INFO - Setting next_dagrun for normalize_orders_dag to None, run_after=None
[2026-03-23T00:44:18.860+0000] {processor.py:183} INFO - Processing /opt/airflow/dags/normalized_orders_dags.py took 1.295 seconds
[2026-03-23T00:44:48.997+0000] {processor.py:161} INFO - Started process (PID=519) to work on /opt/airflow/dags/normalized_orders_dags.py
[2026-03-23T00:44:48.999+0000] {processor.py:830} INFO - Processing file /opt/airflow/dags/normalized_orders_dags.py for tasks to queue
[2026-03-23T00:44:49.001+0000] {logging_mixin.py:188} INFO - [2026-03-23T00:44:49.001+0000] {dagbag.py:545} INFO - Filling up the DagBag from /opt/airflow/dags/normalized_orders_dags.py
[2026-03-23T00:44:49.424+0000] {processor.py:840} INFO - DAG(s) 'normalize_orders_dag' retrieved from /opt/airflow/dags/normalized_orders_dags.py
[2026-03-23T00:44:49.482+0000] {logging_mixin.py:188} INFO - [2026-03-23T00:44:49.482+0000] {dag.py:3089} INFO - Sync 1 DAGs
[2026-03-23T00:44:49.503+0000] {logging_mixin.py:188} INFO - [2026-03-23T00:44:49.503+0000] {dag.py:3947} INFO - Setting next_dagrun for normalize_orders_dag to None, run_after=None
[2026-03-23T00:44:49.521+0000] {processor.py:183} INFO - Processing /opt/airflow/dags/normalized_orders_dags.py took 0.532 seconds
[2026-03-23T00:45:19.790+0000] {processor.py:161} INFO - Started process (PID=525) to work on /opt/airflow/dags/normalized_orders_dags.py
[2026-03-23T00:45:19.792+0000] {processor.py:830} INFO - Processing file /opt/airflow/dags/normalized_orders_dags.py for tasks to queue
[2026-03-23T00:45:19.794+0000] {logging_mixin.py:188} INFO - [2026-03-23T00:45:19.794+0000] {dagbag.py:545} INFO - Filling up the DagBag from /opt/airflow/dags/normalized_orders_dags.py
[2026-03-23T00:45:20.130+0000] {processor.py:840} INFO - DAG(s) 'normalize_orders_dag' retrieved from /opt/airflow/dags/normalized_orders_dags.py
[2026-03-23T00:45:20.192+0000] {logging_mixin.py:188} INFO - [2026-03-23T00:45:20.191+0000] {dag.py:3089} INFO - Sync 1 DAGs
[2026-03-23T00:45:20.209+0000] {logging_mixin.py:188} INFO - [2026-03-23T00:45:20.208+0000] {dag.py:3947} INFO - Setting next_dagrun for normalize_orders_dag to None, run_after=None
[2026-03-23T00:45:20.226+0000] {processor.py:183} INFO - Processing /opt/airflow/dags/normalized_orders_dags.py took 0.445 seconds
[2026-03-23T00:45:50.673+0000] {processor.py:161} INFO - Started process (PID=531) to work on /opt/airflow/dags/normalized_orders_dags.py
[2026-03-23T00:45:50.675+0000] {processor.py:830} INFO - Processing file /opt/airflow/dags/normalized_orders_dags.py for tasks to queue
[2026-03-23T00:45:50.678+0000] {logging_mixin.py:188} INFO - [2026-03-23T00:45:50.677+0000] {dagbag.py:545} INFO - Filling up the DagBag from /opt/airflow/dags/normalized_orders_dags.py
[2026-03-23T00:45:51.204+0000] {processor.py:840} INFO - DAG(s) 'normalize_orders_dag' retrieved from /opt/airflow/dags/normalized_orders_dags.py
[2026-03-23T00:45:51.282+0000] {logging_mixin.py:188} INFO - [2026-03-23T00:45:51.281+0000] {dag.py:3089} INFO - Sync 1 DAGs
[2026-03-23T00:45:51.317+0000] {logging_mixin.py:188} INFO - [2026-03-23T00:45:51.317+0000] {dag.py:3947} INFO - Setting next_dagrun for normalize_orders_dag to None, run_after=None
[2026-03-23T00:45:51.357+0000] {processor.py:183} INFO - Processing /opt/airflow/dags/normalized_orders_dags.py took 0.694 seconds
[2026-03-23T00:46:21.603+0000] {processor.py:161} INFO - Started process (PID=537) to work on /opt/airflow/dags/normalized_orders_dags.py
[2026-03-23T00:46:21.605+0000] {processor.py:830} INFO - Processing file /opt/airflow/dags/normalized_orders_dags.py for tasks to queue
[2026-03-23T00:46:21.607+0000] {logging_mixin.py:188} INFO - [2026-03-23T00:46:21.606+0000] {dagbag.py:545} INFO - Filling up the DagBag from /opt/airflow/dags/normalized_orders_dags.py
[2026-03-23T00:46:22.021+0000] {processor.py:840} INFO - DAG(s) 'normalize_orders_dag' retrieved from /opt/airflow/dags/normalized_orders_dags.py
[2026-03-23T00:46:22.053+0000] {logging_mixin.py:188} INFO - [2026-03-23T00:46:22.052+0000] {dag.py:3089} INFO - Sync 1 DAGs
[2026-03-23T00:46:22.064+0000] {logging_mixin.py:188} INFO - [2026-03-23T00:46:22.064+0000] {dag.py:3947} INFO - Setting next_dagrun for normalize_orders_dag to None, run_after=None
[2026-03-23T00:46:22.079+0000] {processor.py:183} INFO - Processing /opt/airflow/dags/normalized_orders_dags.py took 0.483 seconds
[2026-03-23T00:46:52.428+0000] {processor.py:161} INFO - Started process (PID=543) to work on /opt/airflow/dags/normalized_orders_dags.py
[2026-03-23T00:46:52.431+0000] {processor.py:830} INFO - Processing file /opt/airflow/dags/normalized_orders_dags.py for tasks to queue
[2026-03-23T00:46:52.433+0000] {logging_mixin.py:188} INFO - [2026-03-23T00:46:52.433+0000] {dagbag.py:545} INFO - Filling up the DagBag from /opt/airflow/dags/normalized_orders_dags.py
[2026-03-23T00:46:52.794+0000] {processor.py:840} INFO - DAG(s) 'normalize_orders_dag' retrieved from /opt/airflow/dags/normalized_orders_dags.py
[2026-03-23T00:46:52.831+0000] {logging_mixin.py:188} INFO - [2026-03-23T00:46:52.831+0000] {dag.py:3089} INFO - Sync 1 DAGs
[2026-03-23T00:46:52.848+0000] {logging_mixin.py:188} INFO - [2026-03-23T00:46:52.847+0000] {dag.py:3947} INFO - Setting next_dagrun for normalize_orders_dag to None, run_after=None
[2026-03-23T00:46:52.884+0000] {processor.py:183} INFO - Processing /opt/airflow/dags/normalized_orders_dags.py took 0.468 seconds
[2026-03-23T00:47:23.516+0000] {processor.py:161} INFO - Started process (PID=549) to work on /opt/airflow/dags/normalized_orders_dags.py
[2026-03-23T00:47:23.517+0000] {processor.py:830} INFO - Processing file /opt/airflow/dags/normalized_orders_dags.py for tasks to queue
[2026-03-23T00:47:23.520+0000] {logging_mixin.py:188} INFO - [2026-03-23T00:47:23.520+0000] {dagbag.py:545} INFO - Filling up the DagBag from /opt/airflow/dags/normalized_orders_dags.py
[2026-03-23T00:47:24.133+0000] {processor.py:840} INFO - DAG(s) 'normalize_orders_dag' retrieved from /opt/airflow/dags/normalized_orders_dags.py
[2026-03-23T00:47:24.208+0000] {logging_mixin.py:188} INFO - [2026-03-23T00:47:24.207+0000] {dag.py:3089} INFO - Sync 1 DAGs
[2026-03-23T00:47:24.236+0000] {logging_mixin.py:188} INFO - [2026-03-23T00:47:24.235+0000] {dag.py:3947} INFO - Setting next_dagrun for normalize_orders_dag to None, run_after=None
[2026-03-23T00:47:24.275+0000] {processor.py:183} INFO - Processing /opt/airflow/dags/normalized_orders_dags.py took 0.771 seconds
[2026-03-23T00:47:54.790+0000] {processor.py:161} INFO - Started process (PID=555) to work on /opt/airflow/dags/normalized_orders_dags.py
[2026-03-23T00:47:54.792+0000] {processor.py:830} INFO - Processing file /opt/airflow/dags/normalized_orders_dags.py for tasks to queue
[2026-03-23T00:47:54.796+0000] {logging_mixin.py:188} INFO - [2026-03-23T00:47:54.795+0000] {dagbag.py:545} INFO - Filling up the DagBag from /opt/airflow/dags/normalized_orders_dags.py
[2026-03-23T00:47:55.198+0000] {processor.py:840} INFO - DAG(s) 'normalize_orders_dag' retrieved from /opt/airflow/dags/normalized_orders_dags.py
[2026-03-23T00:47:55.252+0000] {logging_mixin.py:188} INFO - [2026-03-23T00:47:55.251+0000] {dag.py:3089} INFO - Sync 1 DAGs
[2026-03-23T00:47:55.274+0000] {logging_mixin.py:188} INFO - [2026-03-23T00:47:55.274+0000] {dag.py:3947} INFO - Setting next_dagrun for normalize_orders_dag to None, run_after=None
[2026-03-23T00:47:55.297+0000] {processor.py:183} INFO - Processing /opt/airflow/dags/normalized_orders_dags.py took 0.520 seconds
[2026-03-23T00:48:25.685+0000] {processor.py:161} INFO - Started process (PID=561) to work on /opt/airflow/dags/normalized_orders_dags.py
[2026-03-23T00:48:25.688+0000] {processor.py:830} INFO - Processing file /opt/airflow/dags/normalized_orders_dags.py for tasks to queue
[2026-03-23T00:48:25.705+0000] {logging_mixin.py:188} INFO - [2026-03-23T00:48:25.701+0000] {dagbag.py:545} INFO - Filling up the DagBag from /opt/airflow/dags/normalized_orders_dags.py
[2026-03-23T00:48:26.185+0000] {processor.py:840} INFO - DAG(s) 'normalize_orders_dag' retrieved from /opt/airflow/dags/normalized_orders_dags.py
[2026-03-23T00:48:26.235+0000] {logging_mixin.py:188} INFO - [2026-03-23T00:48:26.234+0000] {dag.py:3089} INFO - Sync 1 DAGs
[2026-03-23T00:48:26.257+0000] {logging_mixin.py:188} INFO - [2026-03-23T00:48:26.256+0000] {dag.py:3947} INFO - Setting next_dagrun for normalize_orders_dag to None, run_after=None
[2026-03-23T00:48:26.284+0000] {processor.py:183} INFO - Processing /opt/airflow/dags/normalized_orders_dags.py took 0.624 seconds
[2026-03-23T00:48:56.592+0000] {processor.py:161} INFO - Started process (PID=567) to work on /opt/airflow/dags/normalized_orders_dags.py
[2026-03-23T00:48:56.593+0000] {processor.py:830} INFO - Processing file /opt/airflow/dags/normalized_orders_dags.py for tasks to queue
[2026-03-23T00:48:56.595+0000] {logging_mixin.py:188} INFO - [2026-03-23T00:48:56.595+0000] {dagbag.py:545} INFO - Filling up the DagBag from /opt/airflow/dags/normalized_orders_dags.py
[2026-03-23T00:48:56.960+0000] {processor.py:840} INFO - DAG(s) 'normalize_orders_dag' retrieved from /opt/airflow/dags/normalized_orders_dags.py
[2026-03-23T00:48:57.008+0000] {logging_mixin.py:188} INFO - [2026-03-23T00:48:57.007+0000] {dag.py:3089} INFO - Sync 1 DAGs
[2026-03-23T00:48:57.029+0000] {logging_mixin.py:188} INFO - [2026-03-23T00:48:57.028+0000] {dag.py:3947} INFO - Setting next_dagrun for normalize_orders_dag to None, run_after=None
[2026-03-23T00:48:57.058+0000] {processor.py:183} INFO - Processing /opt/airflow/dags/normalized_orders_dags.py took 0.480 seconds
[2026-03-23T00:49:27.348+0000] {processor.py:161} INFO - Started process (PID=573) to work on /opt/airflow/dags/normalized_orders_dags.py
[2026-03-23T00:49:27.350+0000] {processor.py:830} INFO - Processing file /opt/airflow/dags/normalized_orders_dags.py for tasks to queue
[2026-03-23T00:49:27.354+0000] {logging_mixin.py:188} INFO - [2026-03-23T00:49:27.353+0000] {dagbag.py:545} INFO - Filling up the DagBag from /opt/airflow/dags/normalized_orders_dags.py
[2026-03-23T00:49:27.903+0000] {processor.py:840} INFO - DAG(s) 'normalize_orders_dag' retrieved from /opt/airflow/dags/normalized_orders_dags.py
[2026-03-23T00:49:27.963+0000] {logging_mixin.py:188} INFO - [2026-03-23T00:49:27.962+0000] {dag.py:3089} INFO - Sync 1 DAGs
[2026-03-23T00:49:27.977+0000] {logging_mixin.py:188} INFO - [2026-03-23T00:49:27.977+0000] {dag.py:3947} INFO - Setting next_dagrun for normalize_orders_dag to None, run_after=None
[2026-03-23T00:49:27.995+0000] {processor.py:183} INFO - Processing /opt/airflow/dags/normalized_orders_dags.py took 0.659 seconds
[2026-03-23T00:49:58.196+0000] {processor.py:161} INFO - Started process (PID=579) to work on /opt/airflow/dags/normalized_orders_dags.py
[2026-03-23T00:49:58.201+0000] {processor.py:830} INFO - Processing file /opt/airflow/dags/normalized_orders_dags.py for tasks to queue
[2026-03-23T00:49:58.205+0000] {logging_mixin.py:188} INFO - [2026-03-23T00:49:58.204+0000] {dagbag.py:545} INFO - Filling up the DagBag from /opt/airflow/dags/normalized_orders_dags.py
[2026-03-23T00:49:58.723+0000] {processor.py:840} INFO - DAG(s) 'normalize_orders_dag' retrieved from /opt/airflow/dags/normalized_orders_dags.py
[2026-03-23T00:49:58.773+0000] {logging_mixin.py:188} INFO - [2026-03-23T00:49:58.773+0000] {dag.py:3089} INFO - Sync 1 DAGs
[2026-03-23T00:49:58.800+0000] {logging_mixin.py:188} INFO - [2026-03-23T00:49:58.799+0000] {dag.py:3947} INFO - Setting next_dagrun for normalize_orders_dag to None, run_after=None
[2026-03-23T00:49:58.837+0000] {processor.py:183} INFO - Processing /opt/airflow/dags/normalized_orders_dags.py took 0.652 seconds
[2026-03-23T00:50:29.123+0000] {processor.py:161} INFO - Started process (PID=585) to work on /opt/airflow/dags/normalized_orders_dags.py
[2026-03-23T00:50:29.125+0000] {processor.py:830} INFO - Processing file /opt/airflow/dags/normalized_orders_dags.py for tasks to queue
[2026-03-23T00:50:29.128+0000] {logging_mixin.py:188} INFO - [2026-03-23T00:50:29.127+0000] {dagbag.py:545} INFO - Filling up the DagBag from /opt/airflow/dags/normalized_orders_dags.py
[2026-03-23T00:50:29.577+0000] {processor.py:840} INFO - DAG(s) 'normalize_orders_dag' retrieved from /opt/airflow/dags/normalized_orders_dags.py
[2026-03-23T00:50:29.632+0000] {logging_mixin.py:188} INFO - [2026-03-23T00:50:29.632+0000] {dag.py:3089} INFO - Sync 1 DAGs
[2026-03-23T00:50:29.652+0000] {logging_mixin.py:188} INFO - [2026-03-23T00:50:29.652+0000] {dag.py:3947} INFO - Setting next_dagrun for normalize_orders_dag to None, run_after=None
[2026-03-23T00:50:29.683+0000] {processor.py:183} INFO - Processing /opt/airflow/dags/normalized_orders_dags.py took 0.569 seconds
[2026-03-23T00:51:00.153+0000] {processor.py:161} INFO - Started process (PID=591) to work on /opt/airflow/dags/normalized_orders_dags.py
[2026-03-23T00:51:00.156+0000] {processor.py:830} INFO - Processing file /opt/airflow/dags/normalized_orders_dags.py for tasks to queue
[2026-03-23T00:51:00.159+0000] {logging_mixin.py:188} INFO - [2026-03-23T00:51:00.159+0000] {dagbag.py:545} INFO - Filling up the DagBag from /opt/airflow/dags/normalized_orders_dags.py
[2026-03-23T00:51:00.805+0000] {processor.py:840} INFO - DAG(s) 'normalize_orders_dag' retrieved from /opt/airflow/dags/normalized_orders_dags.py
[2026-03-23T00:51:00.894+0000] {logging_mixin.py:188} INFO - [2026-03-23T00:51:00.893+0000] {dag.py:3089} INFO - Sync 1 DAGs
[2026-03-23T00:51:00.936+0000] {logging_mixin.py:188} INFO - [2026-03-23T00:51:00.935+0000] {dag.py:3947} INFO - Setting next_dagrun for normalize_orders_dag to None, run_after=None
[2026-03-23T00:51:00.982+0000] {processor.py:183} INFO - Processing /opt/airflow/dags/normalized_orders_dags.py took 0.848 seconds
[2026-03-23T00:51:31.679+0000] {processor.py:161} INFO - Started process (PID=597) to work on /opt/airflow/dags/normalized_orders_dags.py
[2026-03-23T00:51:31.681+0000] {processor.py:830} INFO - Processing file /opt/airflow/dags/normalized_orders_dags.py for tasks to queue
[2026-03-23T00:51:31.685+0000] {logging_mixin.py:188} INFO - [2026-03-23T00:51:31.684+0000] {dagbag.py:545} INFO - Filling up the DagBag from /opt/airflow/dags/normalized_orders_dags.py
[2026-03-23T00:51:32.273+0000] {processor.py:840} INFO - DAG(s) 'normalize_orders_dag' retrieved from /opt/airflow/dags/normalized_orders_dags.py
[2026-03-23T00:51:32.320+0000] {logging_mixin.py:188} INFO - [2026-03-23T00:51:32.320+0000] {dag.py:3089} INFO - Sync 1 DAGs
[2026-03-23T00:51:32.335+0000] {logging_mixin.py:188} INFO - [2026-03-23T00:51:32.335+0000] {dag.py:3947} INFO - Setting next_dagrun for normalize_orders_dag to None, run_after=None
[2026-03-23T00:51:32.354+0000] {processor.py:183} INFO - Processing /opt/airflow/dags/normalized_orders_dags.py took 0.688 seconds
[2026-03-23T00:52:03.207+0000] {processor.py:161} INFO - Started process (PID=603) to work on /opt/airflow/dags/normalized_orders_dags.py
[2026-03-23T00:52:03.209+0000] {processor.py:830} INFO - Processing file /opt/airflow/dags/normalized_orders_dags.py for tasks to queue
[2026-03-23T00:52:03.212+0000] {logging_mixin.py:188} INFO - [2026-03-23T00:52:03.212+0000] {dagbag.py:545} INFO - Filling up the DagBag from /opt/airflow/dags/normalized_orders_dags.py
[2026-03-23T00:52:03.561+0000] {processor.py:840} INFO - DAG(s) 'normalize_orders_dag' retrieved from /opt/airflow/dags/normalized_orders_dags.py
[2026-03-23T00:52:03.601+0000] {logging_mixin.py:188} INFO - [2026-03-23T00:52:03.600+0000] {dag.py:3089} INFO - Sync 1 DAGs
[2026-03-23T00:52:03.617+0000] {logging_mixin.py:188} INFO - [2026-03-23T00:52:03.616+0000] {dag.py:3947} INFO - Setting next_dagrun for normalize_orders_dag to None, run_after=None
[2026-03-23T00:52:03.634+0000] {processor.py:183} INFO - Processing /opt/airflow/dags/normalized_orders_dags.py took 0.437 seconds
[2026-03-23T00:52:33.873+0000] {processor.py:161} INFO - Started process (PID=609) to work on /opt/airflow/dags/normalized_orders_dags.py
[2026-03-23T00:52:33.875+0000] {processor.py:830} INFO - Processing file /opt/airflow/dags/normalized_orders_dags.py for tasks to queue
[2026-03-23T00:52:33.877+0000] {logging_mixin.py:188} INFO - [2026-03-23T00:52:33.876+0000] {dagbag.py:545} INFO - Filling up the DagBag from /opt/airflow/dags/normalized_orders_dags.py
[2026-03-23T00:52:34.226+0000] {processor.py:840} INFO - DAG(s) 'normalize_orders_dag' retrieved from /opt/airflow/dags/normalized_orders_dags.py
[2026-03-23T00:52:34.270+0000] {logging_mixin.py:188} INFO - [2026-03-23T00:52:34.270+0000] {dag.py:3089} INFO - Sync 1 DAGs
[2026-03-23T00:52:34.286+0000] {logging_mixin.py:188} INFO - [2026-03-23T00:52:34.285+0000] {dag.py:3947} INFO - Setting next_dagrun for normalize_orders_dag to None, run_after=None
[2026-03-23T00:52:34.306+0000] {processor.py:183} INFO - Processing /opt/airflow/dags/normalized_orders_dags.py took 0.440 seconds
[2026-03-23T00:53:04.644+0000] {processor.py:161} INFO - Started process (PID=615) to work on /opt/airflow/dags/normalized_orders_dags.py
[2026-03-23T00:53:04.647+0000] {processor.py:830} INFO - Processing file /opt/airflow/dags/normalized_orders_dags.py for tasks to queue
[2026-03-23T00:53:04.650+0000] {logging_mixin.py:188} INFO - [2026-03-23T00:53:04.649+0000] {dagbag.py:545} INFO - Filling up the DagBag from /opt/airflow/dags/normalized_orders_dags.py
[2026-03-23T00:53:05.445+0000] {processor.py:840} INFO - DAG(s) 'normalize_orders_dag' retrieved from /opt/airflow/dags/normalized_orders_dags.py
[2026-03-23T00:53:05.554+0000] {logging_mixin.py:188} INFO - [2026-03-23T00:53:05.553+0000] {dag.py:3089} INFO - Sync 1 DAGs
[2026-03-23T00:53:05.579+0000] {logging_mixin.py:188} INFO - [2026-03-23T00:53:05.579+0000] {dag.py:3947} INFO - Setting next_dagrun for normalize_orders_dag to None, run_after=None
[2026-03-23T00:53:05.612+0000] {processor.py:183} INFO - Processing /opt/airflow/dags/normalized_orders_dags.py took 0.979 seconds
[2026-03-23T00:53:35.898+0000] {processor.py:161} INFO - Started process (PID=621) to work on /opt/airflow/dags/normalized_orders_dags.py
[2026-03-23T00:53:35.900+0000] {processor.py:830} INFO - Processing file /opt/airflow/dags/normalized_orders_dags.py for tasks to queue
[2026-03-23T00:53:35.903+0000] {logging_mixin.py:188} INFO - [2026-03-23T00:53:35.902+0000] {dagbag.py:545} INFO - Filling up the DagBag from /opt/airflow/dags/normalized_orders_dags.py
[2026-03-23T00:53:36.507+0000] {processor.py:840} INFO - DAG(s) 'normalize_orders_dag' retrieved from /opt/airflow/dags/normalized_orders_dags.py
[2026-03-23T00:53:36.583+0000] {logging_mixin.py:188} INFO - [2026-03-23T00:53:36.582+0000] {dag.py:3089} INFO - Sync 1 DAGs
[2026-03-23T00:53:36.617+0000] {logging_mixin.py:188} INFO - [2026-03-23T00:53:36.617+0000] {dag.py:3947} INFO - Setting next_dagrun for normalize_orders_dag to None, run_after=None
[2026-03-23T00:53:36.658+0000] {processor.py:183} INFO - Processing /opt/airflow/dags/normalized_orders_dags.py took 0.780 seconds
[2026-03-23T00:54:07.202+0000] {processor.py:161} INFO - Started process (PID=627) to work on /opt/airflow/dags/normalized_orders_dags.py
[2026-03-23T00:54:07.207+0000] {processor.py:830} INFO - Processing file /opt/airflow/dags/normalized_orders_dags.py for tasks to queue
[2026-03-23T00:54:07.212+0000] {logging_mixin.py:188} INFO - [2026-03-23T00:54:07.211+0000] {dagbag.py:545} INFO - Filling up the DagBag from /opt/airflow/dags/normalized_orders_dags.py
[2026-03-23T00:54:07.770+0000] {processor.py:840} INFO - DAG(s) 'normalize_orders_dag' retrieved from /opt/airflow/dags/normalized_orders_dags.py
[2026-03-23T00:54:07.836+0000] {logging_mixin.py:188} INFO - [2026-03-23T00:54:07.835+0000] {dag.py:3089} INFO - Sync 1 DAGs
[2026-03-23T00:54:07.859+0000] {logging_mixin.py:188} INFO - [2026-03-23T00:54:07.859+0000] {dag.py:3947} INFO - Setting next_dagrun for normalize_orders_dag to None, run_after=None
[2026-03-23T00:54:07.896+0000] {processor.py:183} INFO - Processing /opt/airflow/dags/normalized_orders_dags.py took 0.711 seconds
[2026-03-23T00:54:38.246+0000] {processor.py:161} INFO - Started process (PID=633) to work on /opt/airflow/dags/normalized_orders_dags.py
[2026-03-23T00:54:38.248+0000] {processor.py:830} INFO - Processing file /opt/airflow/dags/normalized_orders_dags.py for tasks to queue
[2026-03-23T00:54:38.252+0000] {logging_mixin.py:188} INFO - [2026-03-23T00:54:38.251+0000] {dagbag.py:545} INFO - Filling up the DagBag from /opt/airflow/dags/normalized_orders_dags.py
[2026-03-23T00:54:38.721+0000] {processor.py:840} INFO - DAG(s) 'normalize_orders_dag' retrieved from /opt/airflow/dags/normalized_orders_dags.py
[2026-03-23T00:54:38.778+0000] {logging_mixin.py:188} INFO - [2026-03-23T00:54:38.777+0000] {dag.py:3089} INFO - Sync 1 DAGs
[2026-03-23T00:54:38.804+0000] {logging_mixin.py:188} INFO - [2026-03-23T00:54:38.803+0000] {dag.py:3947} INFO - Setting next_dagrun for normalize_orders_dag to None, run_after=None
[2026-03-23T00:54:38.844+0000] {processor.py:183} INFO - Processing /opt/airflow/dags/normalized_orders_dags.py took 0.608 seconds
[2026-03-23T00:55:09.400+0000] {processor.py:161} INFO - Started process (PID=639) to work on /opt/airflow/dags/normalized_orders_dags.py
[2026-03-23T00:55:09.403+0000] {processor.py:830} INFO - Processing file /opt/airflow/dags/normalized_orders_dags.py for tasks to queue
[2026-03-23T00:55:09.407+0000] {logging_mixin.py:188} INFO - [2026-03-23T00:55:09.406+0000] {dagbag.py:545} INFO - Filling up the DagBag from /opt/airflow/dags/normalized_orders_dags.py
[2026-03-23T00:55:09.915+0000] {processor.py:840} INFO - DAG(s) 'normalize_orders_dag' retrieved from /opt/airflow/dags/normalized_orders_dags.py
[2026-03-23T00:55:09.968+0000] {logging_mixin.py:188} INFO - [2026-03-23T00:55:09.968+0000] {dag.py:3089} INFO - Sync 1 DAGs
[2026-03-23T00:55:10.003+0000] {logging_mixin.py:188} INFO - [2026-03-23T00:55:10.002+0000] {dag.py:3947} INFO - Setting next_dagrun for normalize_orders_dag to None, run_after=None
[2026-03-23T00:55:10.042+0000] {processor.py:183} INFO - Processing /opt/airflow/dags/normalized_orders_dags.py took 0.668 seconds
[2026-03-23T00:55:40.320+0000] {processor.py:161} INFO - Started process (PID=645) to work on /opt/airflow/dags/normalized_orders_dags.py
[2026-03-23T00:55:40.322+0000] {processor.py:830} INFO - Processing file /opt/airflow/dags/normalized_orders_dags.py for tasks to queue
[2026-03-23T00:55:40.324+0000] {logging_mixin.py:188} INFO - [2026-03-23T00:55:40.323+0000] {dagbag.py:545} INFO - Filling up the DagBag from /opt/airflow/dags/normalized_orders_dags.py
[2026-03-23T00:55:40.777+0000] {processor.py:840} INFO - DAG(s) 'normalize_orders_dag' retrieved from /opt/airflow/dags/normalized_orders_dags.py
[2026-03-23T00:55:40.830+0000] {logging_mixin.py:188} INFO - [2026-03-23T00:55:40.829+0000] {dag.py:3089} INFO - Sync 1 DAGs
[2026-03-23T00:55:40.846+0000] {logging_mixin.py:188} INFO - [2026-03-23T00:55:40.846+0000] {dag.py:3947} INFO - Setting next_dagrun for normalize_orders_dag to None, run_after=None
[2026-03-23T00:55:40.886+0000] {processor.py:183} INFO - Processing /opt/airflow/dags/normalized_orders_dags.py took 0.575 seconds
[2026-03-23T00:56:11.175+0000] {processor.py:161} INFO - Started process (PID=651) to work on /opt/airflow/dags/normalized_orders_dags.py
[2026-03-23T00:56:11.177+0000] {processor.py:830} INFO - Processing file /opt/airflow/dags/normalized_orders_dags.py for tasks to queue
[2026-03-23T00:56:11.179+0000] {logging_mixin.py:188} INFO - [2026-03-23T00:56:11.178+0000] {dagbag.py:545} INFO - Filling up the DagBag from /opt/airflow/dags/normalized_orders_dags.py
[2026-03-23T00:56:11.631+0000] {processor.py:840} INFO - DAG(s) 'normalize_orders_dag' retrieved from /opt/airflow/dags/normalized_orders_dags.py
[2026-03-23T00:56:11.669+0000] {logging_mixin.py:188} INFO - [2026-03-23T00:56:11.669+0000] {dag.py:3089} INFO - Sync 1 DAGs
[2026-03-23T00:56:11.687+0000] {logging_mixin.py:188} INFO - [2026-03-23T00:56:11.687+0000] {dag.py:3947} INFO - Setting next_dagrun for normalize_orders_dag to None, run_after=None
[2026-03-23T00:56:11.709+0000] {processor.py:183} INFO - Processing /opt/airflow/dags/normalized_orders_dags.py took 0.541 seconds
[2026-03-23T00:56:41.935+0000] {processor.py:161} INFO - Started process (PID=657) to work on /opt/airflow/dags/normalized_orders_dags.py
[2026-03-23T00:56:41.937+0000] {processor.py:830} INFO - Processing file /opt/airflow/dags/normalized_orders_dags.py for tasks to queue
[2026-03-23T00:56:41.939+0000] {logging_mixin.py:188} INFO - [2026-03-23T00:56:41.939+0000] {dagbag.py:545} INFO - Filling up the DagBag from /opt/airflow/dags/normalized_orders_dags.py
[2026-03-23T00:56:42.388+0000] {processor.py:840} INFO - DAG(s) 'normalize_orders_dag' retrieved from /opt/airflow/dags/normalized_orders_dags.py
[2026-03-23T00:56:42.438+0000] {logging_mixin.py:188} INFO - [2026-03-23T00:56:42.437+0000] {dag.py:3089} INFO - Sync 1 DAGs
[2026-03-23T00:56:42.466+0000] {logging_mixin.py:188} INFO - [2026-03-23T00:56:42.465+0000] {dag.py:3947} INFO - Setting next_dagrun for normalize_orders_dag to None, run_after=None
[2026-03-23T00:56:42.495+0000] {processor.py:183} INFO - Processing /opt/airflow/dags/normalized_orders_dags.py took 0.570 seconds
[2026-03-23T00:57:12.774+0000] {processor.py:161} INFO - Started process (PID=663) to work on /opt/airflow/dags/normalized_orders_dags.py
[2026-03-23T00:57:12.776+0000] {processor.py:830} INFO - Processing file /opt/airflow/dags/normalized_orders_dags.py for tasks to queue
[2026-03-23T00:57:12.785+0000] {logging_mixin.py:188} INFO - [2026-03-23T00:57:12.784+0000] {dagbag.py:545} INFO - Filling up the DagBag from /opt/airflow/dags/normalized_orders_dags.py
[2026-03-23T00:57:13.615+0000] {processor.py:840} INFO - DAG(s) 'normalize_orders_dag' retrieved from /opt/airflow/dags/normalized_orders_dags.py
[2026-03-23T00:57:13.695+0000] {logging_mixin.py:188} INFO - [2026-03-23T00:57:13.693+0000] {dag.py:3089} INFO - Sync 1 DAGs
[2026-03-23T00:57:13.723+0000] {logging_mixin.py:188} INFO - [2026-03-23T00:57:13.723+0000] {dag.py:3947} INFO - Setting next_dagrun for normalize_orders_dag to None, run_after=None
[2026-03-23T00:57:13.774+0000] {processor.py:183} INFO - Processing /opt/airflow/dags/normalized_orders_dags.py took 1.014 seconds
[2026-03-23T00:57:44.160+0000] {processor.py:161} INFO - Started process (PID=669) to work on /opt/airflow/dags/normalized_orders_dags.py
[2026-03-23T00:57:44.164+0000] {processor.py:830} INFO - Processing file /opt/airflow/dags/normalized_orders_dags.py for tasks to queue
[2026-03-23T00:57:44.169+0000] {logging_mixin.py:188} INFO - [2026-03-23T00:57:44.168+0000] {dagbag.py:545} INFO - Filling up the DagBag from /opt/airflow/dags/normalized_orders_dags.py
[2026-03-23T00:57:44.554+0000] {processor.py:840} INFO - DAG(s) 'normalize_orders_dag' retrieved from /opt/airflow/dags/normalized_orders_dags.py
[2026-03-23T00:57:44.597+0000] {logging_mixin.py:188} INFO - [2026-03-23T00:57:44.596+0000] {dag.py:3089} INFO - Sync 1 DAGs
[2026-03-23T00:57:44.612+0000] {logging_mixin.py:188} INFO - [2026-03-23T00:57:44.612+0000] {dag.py:3947} INFO - Setting next_dagrun for normalize_orders_dag to None, run_after=None
[2026-03-23T00:57:44.631+0000] {processor.py:183} INFO - Processing /opt/airflow/dags/normalized_orders_dags.py took 0.487 seconds
[2026-03-23T00:58:14.917+0000] {processor.py:161} INFO - Started process (PID=675) to work on /opt/airflow/dags/normalized_orders_dags.py
[2026-03-23T00:58:14.920+0000] {processor.py:830} INFO - Processing file /opt/airflow/dags/normalized_orders_dags.py for tasks to queue
[2026-03-23T00:58:14.923+0000] {logging_mixin.py:188} INFO - [2026-03-23T00:58:14.922+0000] {dagbag.py:545} INFO - Filling up the DagBag from /opt/airflow/dags/normalized_orders_dags.py
[2026-03-23T00:58:15.447+0000] {processor.py:840} INFO - DAG(s) 'normalize_orders_dag' retrieved from /opt/airflow/dags/normalized_orders_dags.py
[2026-03-23T00:58:15.495+0000] {logging_mixin.py:188} INFO - [2026-03-23T00:58:15.495+0000] {dag.py:3089} INFO - Sync 1 DAGs
[2026-03-23T00:58:15.526+0000] {logging_mixin.py:188} INFO - [2026-03-23T00:58:15.526+0000] {dag.py:3947} INFO - Setting next_dagrun for normalize_orders_dag to None, run_after=None
[2026-03-23T00:58:15.557+0000] {processor.py:183} INFO - Processing /opt/airflow/dags/normalized_orders_dags.py took 0.653 seconds
[2026-03-23T00:58:45.679+0000] {processor.py:161} INFO - Started process (PID=681) to work on /opt/airflow/dags/normalized_orders_dags.py
[2026-03-23T00:58:45.683+0000] {processor.py:830} INFO - Processing file /opt/airflow/dags/normalized_orders_dags.py for tasks to queue
[2026-03-23T00:58:45.697+0000] {logging_mixin.py:188} INFO - [2026-03-23T00:58:45.695+0000] {dagbag.py:545} INFO - Filling up the DagBag from /opt/airflow/dags/normalized_orders_dags.py
[2026-03-23T00:58:46.305+0000] {processor.py:840} INFO - DAG(s) 'normalize_orders_dag' retrieved from /opt/airflow/dags/normalized_orders_dags.py
[2026-03-23T00:58:46.367+0000] {logging_mixin.py:188} INFO - [2026-03-23T00:58:46.366+0000] {dag.py:3089} INFO - Sync 1 DAGs
[2026-03-23T00:58:46.382+0000] {logging_mixin.py:188} INFO - [2026-03-23T00:58:46.382+0000] {dag.py:3947} INFO - Setting next_dagrun for normalize_orders_dag to None, run_after=None
[2026-03-23T00:58:46.432+0000] {processor.py:183} INFO - Processing /opt/airflow/dags/normalized_orders_dags.py took 0.768 seconds
[2026-03-23T00:59:16.893+0000] {processor.py:161} INFO - Started process (PID=687) to work on /opt/airflow/dags/normalized_orders_dags.py
[2026-03-23T00:59:16.895+0000] {processor.py:830} INFO - Processing file /opt/airflow/dags/normalized_orders_dags.py for tasks to queue
[2026-03-23T00:59:16.897+0000] {logging_mixin.py:188} INFO - [2026-03-23T00:59:16.897+0000] {dagbag.py:545} INFO - Filling up the DagBag from /opt/airflow/dags/normalized_orders_dags.py
[2026-03-23T00:59:17.252+0000] {processor.py:840} INFO - DAG(s) 'normalize_orders_dag' retrieved from /opt/airflow/dags/normalized_orders_dags.py
[2026-03-23T00:59:17.298+0000] {logging_mixin.py:188} INFO - [2026-03-23T00:59:17.297+0000] {dag.py:3089} INFO - Sync 1 DAGs
[2026-03-23T00:59:17.338+0000] {logging_mixin.py:188} INFO - [2026-03-23T00:59:17.337+0000] {dag.py:3947} INFO - Setting next_dagrun for normalize_orders_dag to None, run_after=None
[2026-03-23T00:59:17.431+0000] {processor.py:183} INFO - Processing /opt/airflow/dags/normalized_orders_dags.py took 0.545 seconds
[2026-03-23T00:59:47.720+0000] {processor.py:161} INFO - Started process (PID=693) to work on /opt/airflow/dags/normalized_orders_dags.py
[2026-03-23T00:59:47.722+0000] {processor.py:830} INFO - Processing file /opt/airflow/dags/normalized_orders_dags.py for tasks to queue
[2026-03-23T00:59:47.724+0000] {logging_mixin.py:188} INFO - [2026-03-23T00:59:47.723+0000] {dagbag.py:545} INFO - Filling up the DagBag from /opt/airflow/dags/normalized_orders_dags.py
[2026-03-23T00:59:48.143+0000] {processor.py:840} INFO - DAG(s) 'normalize_orders_dag' retrieved from /opt/airflow/dags/normalized_orders_dags.py
[2026-03-23T00:59:48.195+0000] {logging_mixin.py:188} INFO - [2026-03-23T00:59:48.194+0000] {dag.py:3089} INFO - Sync 1 DAGs
[2026-03-23T00:59:48.219+0000] {logging_mixin.py:188} INFO - [2026-03-23T00:59:48.219+0000] {dag.py:3947} INFO - Setting next_dagrun for normalize_orders_dag to None, run_after=None
[2026-03-23T00:59:48.252+0000] {processor.py:183} INFO - Processing /opt/airflow/dags/normalized_orders_dags.py took 0.542 seconds
[2026-03-23T01:00:18.592+0000] {processor.py:161} INFO - Started process (PID=699) to work on /opt/airflow/dags/normalized_orders_dags.py
[2026-03-23T01:00:18.595+0000] {processor.py:830} INFO - Processing file /opt/airflow/dags/normalized_orders_dags.py for tasks to queue
[2026-03-23T01:00:18.600+0000] {logging_mixin.py:188} INFO - [2026-03-23T01:00:18.599+0000] {dagbag.py:545} INFO - Filling up the DagBag from /opt/airflow/dags/normalized_orders_dags.py
[2026-03-23T01:00:19.327+0000] {processor.py:840} INFO - DAG(s) 'normalize_orders_dag' retrieved from /opt/airflow/dags/normalized_orders_dags.py
[2026-03-23T01:00:19.396+0000] {logging_mixin.py:188} INFO - [2026-03-23T01:00:19.396+0000] {dag.py:3089} INFO - Sync 1 DAGs
[2026-03-23T01:00:19.412+0000] {logging_mixin.py:188} INFO - [2026-03-23T01:00:19.411+0000] {dag.py:3947} INFO - Setting next_dagrun for normalize_orders_dag to None, run_after=None
[2026-03-23T01:00:19.448+0000] {processor.py:183} INFO - Processing /opt/airflow/dags/normalized_orders_dags.py took 0.872 seconds
[2026-03-23T01:00:49.998+0000] {processor.py:161} INFO - Started process (PID=705) to work on /opt/airflow/dags/normalized_orders_dags.py
[2026-03-23T01:00:50.000+0000] {processor.py:830} INFO - Processing file /opt/airflow/dags/normalized_orders_dags.py for tasks to queue
[2026-03-23T01:00:50.003+0000] {logging_mixin.py:188} INFO - [2026-03-23T01:00:50.003+0000] {dagbag.py:545} INFO - Filling up the DagBag from /opt/airflow/dags/normalized_orders_dags.py
[2026-03-23T01:00:50.489+0000] {processor.py:840} INFO - DAG(s) 'normalize_orders_dag' retrieved from /opt/airflow/dags/normalized_orders_dags.py
[2026-03-23T01:00:50.555+0000] {logging_mixin.py:188} INFO - [2026-03-23T01:00:50.554+0000] {dag.py:3089} INFO - Sync 1 DAGs
[2026-03-23T01:00:50.576+0000] {logging_mixin.py:188} INFO - [2026-03-23T01:00:50.576+0000] {dag.py:3947} INFO - Setting next_dagrun for normalize_orders_dag to None, run_after=None
[2026-03-23T01:00:50.609+0000] {processor.py:183} INFO - Processing /opt/airflow/dags/normalized_orders_dags.py took 0.623 seconds
[2026-03-23T01:01:21.099+0000] {processor.py:161} INFO - Started process (PID=711) to work on /opt/airflow/dags/normalized_orders_dags.py
[2026-03-23T01:01:21.116+0000] {processor.py:830} INFO - Processing file /opt/airflow/dags/normalized_orders_dags.py for tasks to queue
[2026-03-23T01:01:21.128+0000] {logging_mixin.py:188} INFO - [2026-03-23T01:01:21.127+0000] {dagbag.py:545} INFO - Filling up the DagBag from /opt/airflow/dags/normalized_orders_dags.py
[2026-03-23T01:01:21.967+0000] {processor.py:840} INFO - DAG(s) 'normalize_orders_dag' retrieved from /opt/airflow/dags/normalized_orders_dags.py
[2026-03-23T01:01:22.039+0000] {logging_mixin.py:188} INFO - [2026-03-23T01:01:22.038+0000] {dag.py:3089} INFO - Sync 1 DAGs
[2026-03-23T01:01:22.066+0000] {logging_mixin.py:188} INFO - [2026-03-23T01:01:22.066+0000] {dag.py:3947} INFO - Setting next_dagrun for normalize_orders_dag to None, run_after=None
[2026-03-23T01:01:22.094+0000] {processor.py:183} INFO - Processing /opt/airflow/dags/normalized_orders_dags.py took 1.044 seconds
[2026-03-23T01:01:52.416+0000] {processor.py:161} INFO - Started process (PID=717) to work on /opt/airflow/dags/normalized_orders_dags.py
[2026-03-23T01:01:52.418+0000] {processor.py:830} INFO - Processing file /opt/airflow/dags/normalized_orders_dags.py for tasks to queue
[2026-03-23T01:01:52.420+0000] {logging_mixin.py:188} INFO - [2026-03-23T01:01:52.420+0000] {dagbag.py:545} INFO - Filling up the DagBag from /opt/airflow/dags/normalized_orders_dags.py
[2026-03-23T01:01:52.820+0000] {processor.py:840} INFO - DAG(s) 'normalize_orders_dag' retrieved from /opt/airflow/dags/normalized_orders_dags.py
[2026-03-23T01:01:52.889+0000] {logging_mixin.py:188} INFO - [2026-03-23T01:01:52.888+0000] {dag.py:3089} INFO - Sync 1 DAGs
[2026-03-23T01:01:52.906+0000] {logging_mixin.py:188} INFO - [2026-03-23T01:01:52.906+0000] {dag.py:3947} INFO - Setting next_dagrun for normalize_orders_dag to None, run_after=None
[2026-03-23T01:01:52.950+0000] {processor.py:183} INFO - Processing /opt/airflow/dags/normalized_orders_dags.py took 0.547 seconds
[2026-03-23T01:02:23.295+0000] {processor.py:161} INFO - Started process (PID=723) to work on /opt/airflow/dags/normalized_orders_dags.py
[2026-03-23T01:02:23.297+0000] {processor.py:830} INFO - Processing file /opt/airflow/dags/normalized_orders_dags.py for tasks to queue
[2026-03-23T01:02:23.299+0000] {logging_mixin.py:188} INFO - [2026-03-23T01:02:23.298+0000] {dagbag.py:545} INFO - Filling up the DagBag from /opt/airflow/dags/normalized_orders_dags.py
[2026-03-23T01:02:23.645+0000] {processor.py:840} INFO - DAG(s) 'normalize_orders_dag' retrieved from /opt/airflow/dags/normalized_orders_dags.py
[2026-03-23T01:02:23.700+0000] {logging_mixin.py:188} INFO - [2026-03-23T01:02:23.699+0000] {dag.py:3089} INFO - Sync 1 DAGs
[2026-03-23T01:02:23.722+0000] {logging_mixin.py:188} INFO - [2026-03-23T01:02:23.722+0000] {dag.py:3947} INFO - Setting next_dagrun for normalize_orders_dag to None, run_after=None
[2026-03-23T01:02:23.747+0000] {processor.py:183} INFO - Processing /opt/airflow/dags/normalized_orders_dags.py took 0.465 seconds
[2026-03-23T01:02:54.098+0000] {processor.py:161} INFO - Started process (PID=729) to work on /opt/airflow/dags/normalized_orders_dags.py
[2026-03-23T01:02:54.100+0000] {processor.py:830} INFO - Processing file /opt/airflow/dags/normalized_orders_dags.py for tasks to queue
[2026-03-23T01:02:54.103+0000] {logging_mixin.py:188} INFO - [2026-03-23T01:02:54.102+0000] {dagbag.py:545} INFO - Filling up the DagBag from /opt/airflow/dags/normalized_orders_dags.py
[2026-03-23T01:02:54.697+0000] {processor.py:840} INFO - DAG(s) 'normalize_orders_dag' retrieved from /opt/airflow/dags/normalized_orders_dags.py
[2026-03-23T01:02:54.840+0000] {logging_mixin.py:188} INFO - [2026-03-23T01:02:54.839+0000] {dag.py:3089} INFO - Sync 1 DAGs
[2026-03-23T01:02:54.863+0000] {logging_mixin.py:188} INFO - [2026-03-23T01:02:54.862+0000] {dag.py:3947} INFO - Setting next_dagrun for normalize_orders_dag to None, run_after=None
[2026-03-23T01:02:54.890+0000] {processor.py:183} INFO - Processing /opt/airflow/dags/normalized_orders_dags.py took 0.796 seconds
[2026-03-23T01:03:25.322+0000] {processor.py:161} INFO - Started process (PID=735) to work on /opt/airflow/dags/normalized_orders_dags.py
[2026-03-23T01:03:25.324+0000] {processor.py:830} INFO - Processing file /opt/airflow/dags/normalized_orders_dags.py for tasks to queue
[2026-03-23T01:03:25.328+0000] {logging_mixin.py:188} INFO - [2026-03-23T01:03:25.328+0000] {dagbag.py:545} INFO - Filling up the DagBag from /opt/airflow/dags/normalized_orders_dags.py
[2026-03-23T01:03:25.810+0000] {processor.py:840} INFO - DAG(s) 'normalize_orders_dag' retrieved from /opt/airflow/dags/normalized_orders_dags.py
[2026-03-23T01:03:25.872+0000] {logging_mixin.py:188} INFO - [2026-03-23T01:03:25.872+0000] {dag.py:3089} INFO - Sync 1 DAGs
[2026-03-23T01:03:25.888+0000] {logging_mixin.py:188} INFO - [2026-03-23T01:03:25.887+0000] {dag.py:3947} INFO - Setting next_dagrun for normalize_orders_dag to None, run_after=None
[2026-03-23T01:03:26.201+0000] {processor.py:183} INFO - Processing /opt/airflow/dags/normalized_orders_dags.py took 0.898 seconds
[2026-03-23T01:03:56.564+0000] {processor.py:161} INFO - Started process (PID=741) to work on /opt/airflow/dags/normalized_orders_dags.py
[2026-03-23T01:03:56.566+0000] {processor.py:830} INFO - Processing file /opt/airflow/dags/normalized_orders_dags.py for tasks to queue
[2026-03-23T01:03:56.568+0000] {logging_mixin.py:188} INFO - [2026-03-23T01:03:56.568+0000] {dagbag.py:545} INFO - Filling up the DagBag from /opt/airflow/dags/normalized_orders_dags.py
[2026-03-23T01:03:56.879+0000] {processor.py:840} INFO - DAG(s) 'normalize_orders_dag' retrieved from /opt/airflow/dags/normalized_orders_dags.py
[2026-03-23T01:03:56.919+0000] {logging_mixin.py:188} INFO - [2026-03-23T01:03:56.919+0000] {dag.py:3089} INFO - Sync 1 DAGs
[2026-03-23T01:03:56.937+0000] {logging_mixin.py:188} INFO - [2026-03-23T01:03:56.937+0000] {dag.py:3947} INFO - Setting next_dagrun for normalize_orders_dag to None, run_after=None
[2026-03-23T01:03:56.953+0000] {processor.py:183} INFO - Processing /opt/airflow/dags/normalized_orders_dags.py took 0.399 seconds
[2026-03-23T01:04:27.271+0000] {processor.py:161} INFO - Started process (PID=747) to work on /opt/airflow/dags/normalized_orders_dags.py
[2026-03-23T01:04:27.273+0000] {processor.py:830} INFO - Processing file /opt/airflow/dags/normalized_orders_dags.py for tasks to queue
[2026-03-23T01:04:27.276+0000] {logging_mixin.py:188} INFO - [2026-03-23T01:04:27.275+0000] {dagbag.py:545} INFO - Filling up the DagBag from /opt/airflow/dags/normalized_orders_dags.py
[2026-03-23T01:04:27.611+0000] {processor.py:840} INFO - DAG(s) 'normalize_orders_dag' retrieved from /opt/airflow/dags/normalized_orders_dags.py
[2026-03-23T01:04:27.681+0000] {logging_mixin.py:188} INFO - [2026-03-23T01:04:27.680+0000] {dag.py:3089} INFO - Sync 1 DAGs
[2026-03-23T01:04:27.705+0000] {logging_mixin.py:188} INFO - [2026-03-23T01:04:27.705+0000] {dag.py:3947} INFO - Setting next_dagrun for normalize_orders_dag to None, run_after=None
[2026-03-23T01:04:27.724+0000] {processor.py:183} INFO - Processing /opt/airflow/dags/normalized_orders_dags.py took 0.463 seconds
[2026-03-23T01:04:57.987+0000] {processor.py:161} INFO - Started process (PID=753) to work on /opt/airflow/dags/normalized_orders_dags.py
[2026-03-23T01:04:57.990+0000] {processor.py:830} INFO - Processing file /opt/airflow/dags/normalized_orders_dags.py for tasks to queue
[2026-03-23T01:04:57.996+0000] {logging_mixin.py:188} INFO - [2026-03-23T01:04:57.995+0000] {dagbag.py:545} INFO - Filling up the DagBag from /opt/airflow/dags/normalized_orders_dags.py
[2026-03-23T01:04:58.704+0000] {processor.py:840} INFO - DAG(s) 'normalize_orders_dag' retrieved from /opt/airflow/dags/normalized_orders_dags.py
[2026-03-23T01:04:58.771+0000] {logging_mixin.py:188} INFO - [2026-03-23T01:04:58.770+0000] {dag.py:3089} INFO - Sync 1 DAGs
[2026-03-23T01:04:58.806+0000] {logging_mixin.py:188} INFO - [2026-03-23T01:04:58.806+0000] {dag.py:3947} INFO - Setting next_dagrun for normalize_orders_dag to None, run_after=None
[2026-03-23T01:04:58.845+0000] {processor.py:183} INFO - Processing /opt/airflow/dags/normalized_orders_dags.py took 0.865 seconds
[2026-03-23T01:05:29.256+0000] {processor.py:161} INFO - Started process (PID=759) to work on /opt/airflow/dags/normalized_orders_dags.py
[2026-03-23T01:05:29.257+0000] {processor.py:830} INFO - Processing file /opt/airflow/dags/normalized_orders_dags.py for tasks to queue
[2026-03-23T01:05:29.260+0000] {logging_mixin.py:188} INFO - [2026-03-23T01:05:29.260+0000] {dagbag.py:545} INFO - Filling up the DagBag from /opt/airflow/dags/normalized_orders_dags.py
[2026-03-23T01:05:29.595+0000] {processor.py:840} INFO - DAG(s) 'normalize_orders_dag' retrieved from /opt/airflow/dags/normalized_orders_dags.py
[2026-03-23T01:05:29.653+0000] {logging_mixin.py:188} INFO - [2026-03-23T01:05:29.652+0000] {dag.py:3089} INFO - Sync 1 DAGs
[2026-03-23T01:05:29.668+0000] {logging_mixin.py:188} INFO - [2026-03-23T01:05:29.668+0000] {dag.py:3947} INFO - Setting next_dagrun for normalize_orders_dag to None, run_after=None
[2026-03-23T01:05:29.700+0000] {processor.py:183} INFO - Processing /opt/airflow/dags/normalized_orders_dags.py took 0.462 seconds
[2026-03-23T01:06:00.005+0000] {processor.py:161} INFO - Started process (PID=765) to work on /opt/airflow/dags/normalized_orders_dags.py
[2026-03-23T01:06:00.014+0000] {processor.py:830} INFO - Processing file /opt/airflow/dags/normalized_orders_dags.py for tasks to queue
[2026-03-23T01:06:00.016+0000] {logging_mixin.py:188} INFO - [2026-03-23T01:06:00.016+0000] {dagbag.py:545} INFO - Filling up the DagBag from /opt/airflow/dags/normalized_orders_dags.py
[2026-03-23T01:06:00.452+0000] {processor.py:840} INFO - DAG(s) 'normalize_orders_dag' retrieved from /opt/airflow/dags/normalized_orders_dags.py
[2026-03-23T01:06:00.522+0000] {logging_mixin.py:188} INFO - [2026-03-23T01:06:00.522+0000] {dag.py:3089} INFO - Sync 1 DAGs
[2026-03-23T01:06:00.548+0000] {logging_mixin.py:188} INFO - [2026-03-23T01:06:00.548+0000] {dag.py:3947} INFO - Setting next_dagrun for normalize_orders_dag to None, run_after=None
[2026-03-23T01:06:00.574+0000] {processor.py:183} INFO - Processing /opt/airflow/dags/normalized_orders_dags.py took 0.580 seconds
[2026-03-23T01:06:31.062+0000] {processor.py:161} INFO - Started process (PID=771) to work on /opt/airflow/dags/normalized_orders_dags.py
[2026-03-23T01:06:31.063+0000] {processor.py:830} INFO - Processing file /opt/airflow/dags/normalized_orders_dags.py for tasks to queue
[2026-03-23T01:06:31.069+0000] {logging_mixin.py:188} INFO - [2026-03-23T01:06:31.067+0000] {dagbag.py:545} INFO - Filling up the DagBag from /opt/airflow/dags/normalized_orders_dags.py
[2026-03-23T01:06:31.560+0000] {processor.py:840} INFO - DAG(s) 'normalize_orders_dag' retrieved from /opt/airflow/dags/normalized_orders_dags.py
[2026-03-23T01:06:31.614+0000] {logging_mixin.py:188} INFO - [2026-03-23T01:06:31.614+0000] {dag.py:3089} INFO - Sync 1 DAGs
[2026-03-23T01:06:31.631+0000] {logging_mixin.py:188} INFO - [2026-03-23T01:06:31.631+0000] {dag.py:3947} INFO - Setting next_dagrun for normalize_orders_dag to None, run_after=None
[2026-03-23T01:06:31.649+0000] {processor.py:183} INFO - Processing /opt/airflow/dags/normalized_orders_dags.py took 0.597 seconds
[2026-03-23T01:07:02.130+0000] {processor.py:161} INFO - Started process (PID=777) to work on /opt/airflow/dags/normalized_orders_dags.py
[2026-03-23T01:07:02.134+0000] {processor.py:830} INFO - Processing file /opt/airflow/dags/normalized_orders_dags.py for tasks to queue
[2026-03-23T01:07:02.139+0000] {logging_mixin.py:188} INFO - [2026-03-23T01:07:02.138+0000] {dagbag.py:545} INFO - Filling up the DagBag from /opt/airflow/dags/normalized_orders_dags.py
[2026-03-23T01:07:02.839+0000] {processor.py:840} INFO - DAG(s) 'normalize_orders_dag' retrieved from /opt/airflow/dags/normalized_orders_dags.py
[2026-03-23T01:07:02.919+0000] {logging_mixin.py:188} INFO - [2026-03-23T01:07:02.918+0000] {dag.py:3089} INFO - Sync 1 DAGs
[2026-03-23T01:07:02.934+0000] {logging_mixin.py:188} INFO - [2026-03-23T01:07:02.933+0000] {dag.py:3947} INFO - Setting next_dagrun for normalize_orders_dag to None, run_after=None
[2026-03-23T01:07:02.953+0000] {processor.py:183} INFO - Processing /opt/airflow/dags/normalized_orders_dags.py took 0.839 seconds
[2026-03-23T01:07:33.265+0000] {processor.py:161} INFO - Started process (PID=783) to work on /opt/airflow/dags/normalized_orders_dags.py
[2026-03-23T01:07:33.267+0000] {processor.py:830} INFO - Processing file /opt/airflow/dags/normalized_orders_dags.py for tasks to queue
[2026-03-23T01:07:33.268+0000] {logging_mixin.py:188} INFO - [2026-03-23T01:07:33.268+0000] {dagbag.py:545} INFO - Filling up the DagBag from /opt/airflow/dags/normalized_orders_dags.py
[2026-03-23T01:07:33.638+0000] {processor.py:840} INFO - DAG(s) 'normalize_orders_dag' retrieved from /opt/airflow/dags/normalized_orders_dags.py
[2026-03-23T01:07:33.673+0000] {logging_mixin.py:188} INFO - [2026-03-23T01:07:33.673+0000] {dag.py:3089} INFO - Sync 1 DAGs
[2026-03-23T01:07:33.685+0000] {logging_mixin.py:188} INFO - [2026-03-23T01:07:33.685+0000] {dag.py:3947} INFO - Setting next_dagrun for normalize_orders_dag to None, run_after=None
[2026-03-23T01:07:33.701+0000] {processor.py:183} INFO - Processing /opt/airflow/dags/normalized_orders_dags.py took 0.442 seconds
[2026-03-23T01:08:03.950+0000] {processor.py:161} INFO - Started process (PID=789) to work on /opt/airflow/dags/normalized_orders_dags.py
[2026-03-23T01:08:03.952+0000] {processor.py:830} INFO - Processing file /opt/airflow/dags/normalized_orders_dags.py for tasks to queue
[2026-03-23T01:08:03.954+0000] {logging_mixin.py:188} INFO - [2026-03-23T01:08:03.954+0000] {dagbag.py:545} INFO - Filling up the DagBag from /opt/airflow/dags/normalized_orders_dags.py
[2026-03-23T01:08:04.423+0000] {processor.py:840} INFO - DAG(s) 'normalize_orders_dag' retrieved from /opt/airflow/dags/normalized_orders_dags.py
[2026-03-23T01:08:04.494+0000] {logging_mixin.py:188} INFO - [2026-03-23T01:08:04.493+0000] {dag.py:3089} INFO - Sync 1 DAGs
[2026-03-23T01:08:04.531+0000] {logging_mixin.py:188} INFO - [2026-03-23T01:08:04.531+0000] {dag.py:3947} INFO - Setting next_dagrun for normalize_orders_dag to None, run_after=None
[2026-03-23T01:08:04.572+0000] {processor.py:183} INFO - Processing /opt/airflow/dags/normalized_orders_dags.py took 0.638 seconds
[2026-03-23T01:08:35.163+0000] {processor.py:161} INFO - Started process (PID=795) to work on /opt/airflow/dags/normalized_orders_dags.py
[2026-03-23T01:08:35.169+0000] {processor.py:830} INFO - Processing file /opt/airflow/dags/normalized_orders_dags.py for tasks to queue
[2026-03-23T01:08:35.175+0000] {logging_mixin.py:188} INFO - [2026-03-23T01:08:35.174+0000] {dagbag.py:545} INFO - Filling up the DagBag from /opt/airflow/dags/normalized_orders_dags.py
[2026-03-23T01:08:35.669+0000] {processor.py:840} INFO - DAG(s) 'normalize_orders_dag' retrieved from /opt/airflow/dags/normalized_orders_dags.py
[2026-03-23T01:08:35.721+0000] {logging_mixin.py:188} INFO - [2026-03-23T01:08:35.721+0000] {dag.py:3089} INFO - Sync 1 DAGs
[2026-03-23T01:08:35.742+0000] {logging_mixin.py:188} INFO - [2026-03-23T01:08:35.741+0000] {dag.py:3947} INFO - Setting next_dagrun for normalize_orders_dag to None, run_after=None
[2026-03-23T01:08:35.766+0000] {processor.py:183} INFO - Processing /opt/airflow/dags/normalized_orders_dags.py took 0.624 seconds
[2026-03-23T01:09:06.283+0000] {processor.py:161} INFO - Started process (PID=801) to work on /opt/airflow/dags/normalized_orders_dags.py
[2026-03-23T01:09:06.285+0000] {processor.py:830} INFO - Processing file /opt/airflow/dags/normalized_orders_dags.py for tasks to queue
[2026-03-23T01:09:06.287+0000] {logging_mixin.py:188} INFO - [2026-03-23T01:09:06.287+0000] {dagbag.py:545} INFO - Filling up the DagBag from /opt/airflow/dags/normalized_orders_dags.py
[2026-03-23T01:09:06.670+0000] {processor.py:840} INFO - DAG(s) 'normalize_orders_dag' retrieved from /opt/airflow/dags/normalized_orders_dags.py
[2026-03-23T01:09:06.733+0000] {logging_mixin.py:188} INFO - [2026-03-23T01:09:06.732+0000] {dag.py:3089} INFO - Sync 1 DAGs
[2026-03-23T01:09:06.768+0000] {logging_mixin.py:188} INFO - [2026-03-23T01:09:06.767+0000] {dag.py:3947} INFO - Setting next_dagrun for normalize_orders_dag to None, run_after=None
[2026-03-23T01:09:07.066+0000] {processor.py:183} INFO - Processing /opt/airflow/dags/normalized_orders_dags.py took 0.793 seconds
[2026-03-23T01:09:37.404+0000] {processor.py:161} INFO - Started process (PID=807) to work on /opt/airflow/dags/normalized_orders_dags.py
[2026-03-23T01:09:37.407+0000] {processor.py:830} INFO - Processing file /opt/airflow/dags/normalized_orders_dags.py for tasks to queue
[2026-03-23T01:09:37.409+0000] {logging_mixin.py:188} INFO - [2026-03-23T01:09:37.409+0000] {dagbag.py:545} INFO - Filling up the DagBag from /opt/airflow/dags/normalized_orders_dags.py
[2026-03-23T01:09:37.726+0000] {processor.py:840} INFO - DAG(s) 'normalize_orders_dag' retrieved from /opt/airflow/dags/normalized_orders_dags.py
[2026-03-23T01:09:37.785+0000] {logging_mixin.py:188} INFO - [2026-03-23T01:09:37.785+0000] {dag.py:3089} INFO - Sync 1 DAGs
[2026-03-23T01:09:37.805+0000] {logging_mixin.py:188} INFO - [2026-03-23T01:09:37.805+0000] {dag.py:3947} INFO - Setting next_dagrun for normalize_orders_dag to None, run_after=None
[2026-03-23T01:09:37.826+0000] {processor.py:183} INFO - Processing /opt/airflow/dags/normalized_orders_dags.py took 0.433 seconds
[2026-03-23T01:10:08.233+0000] {processor.py:161} INFO - Started process (PID=813) to work on /opt/airflow/dags/normalized_orders_dags.py
[2026-03-23T01:10:08.235+0000] {processor.py:830} INFO - Processing file /opt/airflow/dags/normalized_orders_dags.py for tasks to queue
[2026-03-23T01:10:08.237+0000] {logging_mixin.py:188} INFO - [2026-03-23T01:10:08.236+0000] {dagbag.py:545} INFO - Filling up the DagBag from /opt/airflow/dags/normalized_orders_dags.py
[2026-03-23T01:10:08.735+0000] {processor.py:840} INFO - DAG(s) 'normalize_orders_dag' retrieved from /opt/airflow/dags/normalized_orders_dags.py
[2026-03-23T01:10:08.780+0000] {logging_mixin.py:188} INFO - [2026-03-23T01:10:08.779+0000] {dag.py:3089} INFO - Sync 1 DAGs
[2026-03-23T01:10:08.792+0000] {logging_mixin.py:188} INFO - [2026-03-23T01:10:08.792+0000] {dag.py:3947} INFO - Setting next_dagrun for normalize_orders_dag to None, run_after=None
[2026-03-23T01:10:08.806+0000] {processor.py:183} INFO - Processing /opt/airflow/dags/normalized_orders_dags.py took 0.589 seconds
[2026-03-23T01:10:39.551+0000] {processor.py:161} INFO - Started process (PID=819) to work on /opt/airflow/dags/normalized_orders_dags.py
[2026-03-23T01:10:39.553+0000] {processor.py:830} INFO - Processing file /opt/airflow/dags/normalized_orders_dags.py for tasks to queue
[2026-03-23T01:10:39.559+0000] {logging_mixin.py:188} INFO - [2026-03-23T01:10:39.555+0000] {dagbag.py:545} INFO - Filling up the DagBag from /opt/airflow/dags/normalized_orders_dags.py
[2026-03-23T01:10:40.165+0000] {processor.py:840} INFO - DAG(s) 'normalize_orders_dag' retrieved from /opt/airflow/dags/normalized_orders_dags.py
[2026-03-23T01:10:40.243+0000] {logging_mixin.py:188} INFO - [2026-03-23T01:10:40.242+0000] {dag.py:3089} INFO - Sync 1 DAGs
[2026-03-23T01:10:40.263+0000] {logging_mixin.py:188} INFO - [2026-03-23T01:10:40.263+0000] {dag.py:3947} INFO - Setting next_dagrun for normalize_orders_dag to None, run_after=None
[2026-03-23T01:10:40.292+0000] {processor.py:183} INFO - Processing /opt/airflow/dags/normalized_orders_dags.py took 0.752 seconds
[2026-03-23T01:11:10.690+0000] {processor.py:161} INFO - Started process (PID=825) to work on /opt/airflow/dags/normalized_orders_dags.py
[2026-03-23T01:11:10.692+0000] {processor.py:830} INFO - Processing file /opt/airflow/dags/normalized_orders_dags.py for tasks to queue
[2026-03-23T01:11:10.695+0000] {logging_mixin.py:188} INFO - [2026-03-23T01:11:10.695+0000] {dagbag.py:545} INFO - Filling up the DagBag from /opt/airflow/dags/normalized_orders_dags.py
[2026-03-23T01:11:11.162+0000] {processor.py:840} INFO - DAG(s) 'normalize_orders_dag' retrieved from /opt/airflow/dags/normalized_orders_dags.py
[2026-03-23T01:11:11.205+0000] {logging_mixin.py:188} INFO - [2026-03-23T01:11:11.204+0000] {dag.py:3089} INFO - Sync 1 DAGs
[2026-03-23T01:11:11.220+0000] {logging_mixin.py:188} INFO - [2026-03-23T01:11:11.220+0000] {dag.py:3947} INFO - Setting next_dagrun for normalize_orders_dag to None, run_after=None
[2026-03-23T01:11:11.242+0000] {processor.py:183} INFO - Processing /opt/airflow/dags/normalized_orders_dags.py took 0.565 seconds
[2026-03-23T01:11:41.666+0000] {processor.py:161} INFO - Started process (PID=831) to work on /opt/airflow/dags/normalized_orders_dags.py
[2026-03-23T01:11:41.668+0000] {processor.py:830} INFO - Processing file /opt/airflow/dags/normalized_orders_dags.py for tasks to queue
[2026-03-23T01:11:41.675+0000] {logging_mixin.py:188} INFO - [2026-03-23T01:11:41.674+0000] {dagbag.py:545} INFO - Filling up the DagBag from /opt/airflow/dags/normalized_orders_dags.py
[2026-03-23T01:11:42.176+0000] {processor.py:840} INFO - DAG(s) 'normalize_orders_dag' retrieved from /opt/airflow/dags/normalized_orders_dags.py
[2026-03-23T01:11:42.240+0000] {logging_mixin.py:188} INFO - [2026-03-23T01:11:42.239+0000] {dag.py:3089} INFO - Sync 1 DAGs
[2026-03-23T01:11:42.264+0000] {logging_mixin.py:188} INFO - [2026-03-23T01:11:42.264+0000] {dag.py:3947} INFO - Setting next_dagrun for normalize_orders_dag to None, run_after=None
[2026-03-23T01:11:42.545+0000] {processor.py:183} INFO - Processing /opt/airflow/dags/normalized_orders_dags.py took 0.893 seconds
[2026-03-23T01:12:13.100+0000] {processor.py:161} INFO - Started process (PID=837) to work on /opt/airflow/dags/normalized_orders_dags.py
[2026-03-23T01:12:13.104+0000] {processor.py:830} INFO - Processing file /opt/airflow/dags/normalized_orders_dags.py for tasks to queue
[2026-03-23T01:12:13.110+0000] {logging_mixin.py:188} INFO - [2026-03-23T01:12:13.108+0000] {dagbag.py:545} INFO - Filling up the DagBag from /opt/airflow/dags/normalized_orders_dags.py
[2026-03-23T01:12:14.126+0000] {processor.py:840} INFO - DAG(s) 'normalize_orders_dag' retrieved from /opt/airflow/dags/normalized_orders_dags.py
[2026-03-23T01:12:14.227+0000] {logging_mixin.py:188} INFO - [2026-03-23T01:12:14.226+0000] {dag.py:3089} INFO - Sync 1 DAGs
[2026-03-23T01:12:14.261+0000] {logging_mixin.py:188} INFO - [2026-03-23T01:12:14.261+0000] {dag.py:3947} INFO - Setting next_dagrun for normalize_orders_dag to None, run_after=None
[2026-03-23T01:12:14.307+0000] {processor.py:183} INFO - Processing /opt/airflow/dags/normalized_orders_dags.py took 1.236 seconds
[2026-03-23T01:12:44.996+0000] {processor.py:161} INFO - Started process (PID=843) to work on /opt/airflow/dags/normalized_orders_dags.py
[2026-03-23T01:12:44.998+0000] {processor.py:830} INFO - Processing file /opt/airflow/dags/normalized_orders_dags.py for tasks to queue
[2026-03-23T01:12:45.002+0000] {logging_mixin.py:188} INFO - [2026-03-23T01:12:45.001+0000] {dagbag.py:545} INFO - Filling up the DagBag from /opt/airflow/dags/normalized_orders_dags.py
[2026-03-23T01:12:45.490+0000] {processor.py:840} INFO - DAG(s) 'normalize_orders_dag' retrieved from /opt/airflow/dags/normalized_orders_dags.py
[2026-03-23T01:12:45.552+0000] {logging_mixin.py:188} INFO - [2026-03-23T01:12:45.551+0000] {dag.py:3089} INFO - Sync 1 DAGs
[2026-03-23T01:12:45.573+0000] {logging_mixin.py:188} INFO - [2026-03-23T01:12:45.572+0000] {dag.py:3947} INFO - Setting next_dagrun for normalize_orders_dag to None, run_after=None
[2026-03-23T01:12:45.601+0000] {processor.py:183} INFO - Processing /opt/airflow/dags/normalized_orders_dags.py took 0.627 seconds
[2026-03-23T01:13:16.000+0000] {processor.py:161} INFO - Started process (PID=849) to work on /opt/airflow/dags/normalized_orders_dags.py
[2026-03-23T01:13:16.002+0000] {processor.py:830} INFO - Processing file /opt/airflow/dags/normalized_orders_dags.py for tasks to queue
[2026-03-23T01:13:16.006+0000] {logging_mixin.py:188} INFO - [2026-03-23T01:13:16.005+0000] {dagbag.py:545} INFO - Filling up the DagBag from /opt/airflow/dags/normalized_orders_dags.py
[2026-03-23T01:13:16.567+0000] {processor.py:840} INFO - DAG(s) 'normalize_orders_dag' retrieved from /opt/airflow/dags/normalized_orders_dags.py
[2026-03-23T01:13:16.632+0000] {logging_mixin.py:188} INFO - [2026-03-23T01:13:16.632+0000] {dag.py:3089} INFO - Sync 1 DAGs
[2026-03-23T01:13:16.646+0000] {logging_mixin.py:188} INFO - [2026-03-23T01:13:16.646+0000] {dag.py:3947} INFO - Setting next_dagrun for normalize_orders_dag to None, run_after=None
[2026-03-23T01:13:16.661+0000] {processor.py:183} INFO - Processing /opt/airflow/dags/normalized_orders_dags.py took 0.679 seconds
[2026-03-23T01:13:46.921+0000] {processor.py:161} INFO - Started process (PID=855) to work on /opt/airflow/dags/normalized_orders_dags.py
[2026-03-23T01:13:46.923+0000] {processor.py:830} INFO - Processing file /opt/airflow/dags/normalized_orders_dags.py for tasks to queue
[2026-03-23T01:13:46.929+0000] {logging_mixin.py:188} INFO - [2026-03-23T01:13:46.927+0000] {dagbag.py:545} INFO - Filling up the DagBag from /opt/airflow/dags/normalized_orders_dags.py
[2026-03-23T01:13:47.248+0000] {processor.py:840} INFO - DAG(s) 'normalize_orders_dag' retrieved from /opt/airflow/dags/normalized_orders_dags.py
[2026-03-23T01:13:47.296+0000] {logging_mixin.py:188} INFO - [2026-03-23T01:13:47.296+0000] {dag.py:3089} INFO - Sync 1 DAGs
[2026-03-23T01:13:47.327+0000] {logging_mixin.py:188} INFO - [2026-03-23T01:13:47.326+0000] {dag.py:3947} INFO - Setting next_dagrun for normalize_orders_dag to None, run_after=None
[2026-03-23T01:13:47.375+0000] {processor.py:183} INFO - Processing /opt/airflow/dags/normalized_orders_dags.py took 0.460 seconds
[2026-03-23T01:14:17.617+0000] {processor.py:161} INFO - Started process (PID=861) to work on /opt/airflow/dags/normalized_orders_dags.py
[2026-03-23T01:14:17.619+0000] {processor.py:830} INFO - Processing file /opt/airflow/dags/normalized_orders_dags.py for tasks to queue
[2026-03-23T01:14:17.621+0000] {logging_mixin.py:188} INFO - [2026-03-23T01:14:17.620+0000] {dagbag.py:545} INFO - Filling up the DagBag from /opt/airflow/dags/normalized_orders_dags.py
[2026-03-23T01:14:17.962+0000] {processor.py:840} INFO - DAG(s) 'normalize_orders_dag' retrieved from /opt/airflow/dags/normalized_orders_dags.py
[2026-03-23T01:14:17.998+0000] {logging_mixin.py:188} INFO - [2026-03-23T01:14:17.997+0000] {dag.py:3089} INFO - Sync 1 DAGs
[2026-03-23T01:14:18.009+0000] {logging_mixin.py:188} INFO - [2026-03-23T01:14:18.009+0000] {dag.py:3947} INFO - Setting next_dagrun for normalize_orders_dag to None, run_after=None
[2026-03-23T01:14:18.023+0000] {processor.py:183} INFO - Processing /opt/airflow/dags/normalized_orders_dags.py took 0.413 seconds
[2026-03-23T01:14:48.281+0000] {processor.py:161} INFO - Started process (PID=867) to work on /opt/airflow/dags/normalized_orders_dags.py
[2026-03-23T01:14:48.283+0000] {processor.py:830} INFO - Processing file /opt/airflow/dags/normalized_orders_dags.py for tasks to queue
[2026-03-23T01:14:48.286+0000] {logging_mixin.py:188} INFO - [2026-03-23T01:14:48.285+0000] {dagbag.py:545} INFO - Filling up the DagBag from /opt/airflow/dags/normalized_orders_dags.py
[2026-03-23T01:14:48.680+0000] {processor.py:840} INFO - DAG(s) 'normalize_orders_dag' retrieved from /opt/airflow/dags/normalized_orders_dags.py
[2026-03-23T01:14:48.721+0000] {logging_mixin.py:188} INFO - [2026-03-23T01:14:48.721+0000] {dag.py:3089} INFO - Sync 1 DAGs
[2026-03-23T01:14:48.735+0000] {logging_mixin.py:188} INFO - [2026-03-23T01:14:48.735+0000] {dag.py:3947} INFO - Setting next_dagrun for normalize_orders_dag to None, run_after=None
[2026-03-23T01:14:48.956+0000] {processor.py:183} INFO - Processing /opt/airflow/dags/normalized_orders_dags.py took 0.683 seconds
[2026-03-23T01:15:19.346+0000] {processor.py:161} INFO - Started process (PID=873) to work on /opt/airflow/dags/normalized_orders_dags.py
[2026-03-23T01:15:19.347+0000] {processor.py:830} INFO - Processing file /opt/airflow/dags/normalized_orders_dags.py for tasks to queue
[2026-03-23T01:15:19.349+0000] {logging_mixin.py:188} INFO - [2026-03-23T01:15:19.348+0000] {dagbag.py:545} INFO - Filling up the DagBag from /opt/airflow/dags/normalized_orders_dags.py
[2026-03-23T01:15:19.660+0000] {processor.py:840} INFO - DAG(s) 'normalize_orders_dag' retrieved from /opt/airflow/dags/normalized_orders_dags.py
[2026-03-23T01:15:19.708+0000] {logging_mixin.py:188} INFO - [2026-03-23T01:15:19.708+0000] {dag.py:3089} INFO - Sync 1 DAGs
[2026-03-23T01:15:19.731+0000] {logging_mixin.py:188} INFO - [2026-03-23T01:15:19.730+0000] {dag.py:3947} INFO - Setting next_dagrun for normalize_orders_dag to None, run_after=None
[2026-03-23T01:15:19.752+0000] {processor.py:183} INFO - Processing /opt/airflow/dags/normalized_orders_dags.py took 0.414 seconds
[2026-03-23T01:15:50.096+0000] {processor.py:161} INFO - Started process (PID=879) to work on /opt/airflow/dags/normalized_orders_dags.py
[2026-03-23T01:15:50.098+0000] {processor.py:830} INFO - Processing file /opt/airflow/dags/normalized_orders_dags.py for tasks to queue
[2026-03-23T01:15:50.101+0000] {logging_mixin.py:188} INFO - [2026-03-23T01:15:50.100+0000] {dagbag.py:545} INFO - Filling up the DagBag from /opt/airflow/dags/normalized_orders_dags.py
[2026-03-23T01:15:50.562+0000] {processor.py:840} INFO - DAG(s) 'normalize_orders_dag' retrieved from /opt/airflow/dags/normalized_orders_dags.py
[2026-03-23T01:15:50.636+0000] {logging_mixin.py:188} INFO - [2026-03-23T01:15:50.635+0000] {dag.py:3089} INFO - Sync 1 DAGs
[2026-03-23T01:15:50.658+0000] {logging_mixin.py:188} INFO - [2026-03-23T01:15:50.658+0000] {dag.py:3947} INFO - Setting next_dagrun for normalize_orders_dag to None, run_after=None
[2026-03-23T01:15:50.689+0000] {processor.py:183} INFO - Processing /opt/airflow/dags/normalized_orders_dags.py took 0.604 seconds
[2026-03-23T01:16:21.347+0000] {processor.py:161} INFO - Started process (PID=885) to work on /opt/airflow/dags/normalized_orders_dags.py
[2026-03-23T01:16:21.349+0000] {processor.py:830} INFO - Processing file /opt/airflow/dags/normalized_orders_dags.py for tasks to queue
[2026-03-23T01:16:21.351+0000] {logging_mixin.py:188} INFO - [2026-03-23T01:16:21.351+0000] {dagbag.py:545} INFO - Filling up the DagBag from /opt/airflow/dags/normalized_orders_dags.py
[2026-03-23T01:16:21.698+0000] {processor.py:840} INFO - DAG(s) 'normalize_orders_dag' retrieved from /opt/airflow/dags/normalized_orders_dags.py
[2026-03-23T01:16:21.737+0000] {logging_mixin.py:188} INFO - [2026-03-23T01:16:21.737+0000] {dag.py:3089} INFO - Sync 1 DAGs
[2026-03-23T01:16:21.752+0000] {logging_mixin.py:188} INFO - [2026-03-23T01:16:21.752+0000] {dag.py:3947} INFO - Setting next_dagrun for normalize_orders_dag to None, run_after=None
[2026-03-23T01:16:21.770+0000] {processor.py:183} INFO - Processing /opt/airflow/dags/normalized_orders_dags.py took 0.431 seconds
[2026-03-23T01:16:51.979+0000] {processor.py:161} INFO - Started process (PID=891) to work on /opt/airflow/dags/normalized_orders_dags.py
[2026-03-23T01:16:51.981+0000] {processor.py:830} INFO - Processing file /opt/airflow/dags/normalized_orders_dags.py for tasks to queue
[2026-03-23T01:16:51.984+0000] {logging_mixin.py:188} INFO - [2026-03-23T01:16:51.983+0000] {dagbag.py:545} INFO - Filling up the DagBag from /opt/airflow/dags/normalized_orders_dags.py
[2026-03-23T01:16:52.347+0000] {processor.py:840} INFO - DAG(s) 'normalize_orders_dag' retrieved from /opt/airflow/dags/normalized_orders_dags.py
[2026-03-23T01:16:52.441+0000] {logging_mixin.py:188} INFO - [2026-03-23T01:16:52.441+0000] {dag.py:3089} INFO - Sync 1 DAGs
[2026-03-23T01:16:52.487+0000] {logging_mixin.py:188} INFO - [2026-03-23T01:16:52.487+0000] {dag.py:3947} INFO - Setting next_dagrun for normalize_orders_dag to None, run_after=None
[2026-03-23T01:16:52.509+0000] {processor.py:183} INFO - Processing /opt/airflow/dags/normalized_orders_dags.py took 0.537 seconds
[2026-03-23T01:17:22.824+0000] {processor.py:161} INFO - Started process (PID=897) to work on /opt/airflow/dags/normalized_orders_dags.py
[2026-03-23T01:17:22.826+0000] {processor.py:830} INFO - Processing file /opt/airflow/dags/normalized_orders_dags.py for tasks to queue
[2026-03-23T01:17:22.829+0000] {logging_mixin.py:188} INFO - [2026-03-23T01:17:22.828+0000] {dagbag.py:545} INFO - Filling up the DagBag from /opt/airflow/dags/normalized_orders_dags.py
[2026-03-23T01:17:23.235+0000] {processor.py:840} INFO - DAG(s) 'normalize_orders_dag' retrieved from /opt/airflow/dags/normalized_orders_dags.py
[2026-03-23T01:17:23.273+0000] {logging_mixin.py:188} INFO - [2026-03-23T01:17:23.272+0000] {dag.py:3089} INFO - Sync 1 DAGs
[2026-03-23T01:17:23.289+0000] {logging_mixin.py:188} INFO - [2026-03-23T01:17:23.288+0000] {dag.py:3947} INFO - Setting next_dagrun for normalize_orders_dag to None, run_after=None
[2026-03-23T01:17:23.555+0000] {processor.py:183} INFO - Processing /opt/airflow/dags/normalized_orders_dags.py took 0.739 seconds
[2026-03-23T01:17:53.828+0000] {processor.py:161} INFO - Started process (PID=903) to work on /opt/airflow/dags/normalized_orders_dags.py
[2026-03-23T01:17:53.830+0000] {processor.py:830} INFO - Processing file /opt/airflow/dags/normalized_orders_dags.py for tasks to queue
[2026-03-23T01:17:53.832+0000] {logging_mixin.py:188} INFO - [2026-03-23T01:17:53.831+0000] {dagbag.py:545} INFO - Filling up the DagBag from /opt/airflow/dags/normalized_orders_dags.py
[2026-03-23T01:17:54.376+0000] {processor.py:840} INFO - DAG(s) 'normalize_orders_dag' retrieved from /opt/airflow/dags/normalized_orders_dags.py
[2026-03-23T01:17:54.440+0000] {logging_mixin.py:188} INFO - [2026-03-23T01:17:54.440+0000] {dag.py:3089} INFO - Sync 1 DAGs
[2026-03-23T01:17:54.467+0000] {logging_mixin.py:188} INFO - [2026-03-23T01:17:54.467+0000] {dag.py:3947} INFO - Setting next_dagrun for normalize_orders_dag to None, run_after=None
[2026-03-23T01:17:54.495+0000] {processor.py:183} INFO - Processing /opt/airflow/dags/normalized_orders_dags.py took 0.678 seconds
[2026-03-23T01:18:24.870+0000] {processor.py:161} INFO - Started process (PID=909) to work on /opt/airflow/dags/normalized_orders_dags.py
[2026-03-23T01:18:24.871+0000] {processor.py:830} INFO - Processing file /opt/airflow/dags/normalized_orders_dags.py for tasks to queue
[2026-03-23T01:18:24.873+0000] {logging_mixin.py:188} INFO - [2026-03-23T01:18:24.873+0000] {dagbag.py:545} INFO - Filling up the DagBag from /opt/airflow/dags/normalized_orders_dags.py
[2026-03-23T01:18:25.363+0000] {processor.py:840} INFO - DAG(s) 'normalize_orders_dag' retrieved from /opt/airflow/dags/normalized_orders_dags.py
[2026-03-23T01:18:25.410+0000] {logging_mixin.py:188} INFO - [2026-03-23T01:18:25.410+0000] {dag.py:3089} INFO - Sync 1 DAGs
[2026-03-23T01:18:25.424+0000] {logging_mixin.py:188} INFO - [2026-03-23T01:18:25.424+0000] {dag.py:3947} INFO - Setting next_dagrun for normalize_orders_dag to None, run_after=None
[2026-03-23T01:18:25.444+0000] {processor.py:183} INFO - Processing /opt/airflow/dags/normalized_orders_dags.py took 0.582 seconds
[2026-03-23T01:18:55.776+0000] {processor.py:161} INFO - Started process (PID=915) to work on /opt/airflow/dags/normalized_orders_dags.py
[2026-03-23T01:18:55.778+0000] {processor.py:830} INFO - Processing file /opt/airflow/dags/normalized_orders_dags.py for tasks to queue
[2026-03-23T01:18:55.780+0000] {logging_mixin.py:188} INFO - [2026-03-23T01:18:55.779+0000] {dagbag.py:545} INFO - Filling up the DagBag from /opt/airflow/dags/normalized_orders_dags.py
[2026-03-23T01:18:56.214+0000] {processor.py:840} INFO - DAG(s) 'normalize_orders_dag' retrieved from /opt/airflow/dags/normalized_orders_dags.py
[2026-03-23T01:18:56.270+0000] {logging_mixin.py:188} INFO - [2026-03-23T01:18:56.268+0000] {dag.py:3089} INFO - Sync 1 DAGs
[2026-03-23T01:18:56.308+0000] {logging_mixin.py:188} INFO - [2026-03-23T01:18:56.308+0000] {dag.py:3947} INFO - Setting next_dagrun for normalize_orders_dag to None, run_after=None
[2026-03-23T01:18:56.356+0000] {processor.py:183} INFO - Processing /opt/airflow/dags/normalized_orders_dags.py took 0.588 seconds
[2026-03-23T01:19:26.679+0000] {processor.py:161} INFO - Started process (PID=921) to work on /opt/airflow/dags/normalized_orders_dags.py
[2026-03-23T01:19:26.682+0000] {processor.py:830} INFO - Processing file /opt/airflow/dags/normalized_orders_dags.py for tasks to queue
[2026-03-23T01:19:26.686+0000] {logging_mixin.py:188} INFO - [2026-03-23T01:19:26.685+0000] {dagbag.py:545} INFO - Filling up the DagBag from /opt/airflow/dags/normalized_orders_dags.py
[2026-03-23T01:19:27.158+0000] {processor.py:840} INFO - DAG(s) 'normalize_orders_dag' retrieved from /opt/airflow/dags/normalized_orders_dags.py
[2026-03-23T01:19:27.207+0000] {logging_mixin.py:188} INFO - [2026-03-23T01:19:27.206+0000] {dag.py:3089} INFO - Sync 1 DAGs
[2026-03-23T01:19:27.217+0000] {logging_mixin.py:188} INFO - [2026-03-23T01:19:27.217+0000] {dag.py:3947} INFO - Setting next_dagrun for normalize_orders_dag to None, run_after=None
[2026-03-23T01:19:27.233+0000] {processor.py:183} INFO - Processing /opt/airflow/dags/normalized_orders_dags.py took 0.570 seconds
[2026-03-23T01:19:57.817+0000] {processor.py:161} INFO - Started process (PID=927) to work on /opt/airflow/dags/normalized_orders_dags.py
[2026-03-23T01:19:57.821+0000] {processor.py:830} INFO - Processing file /opt/airflow/dags/normalized_orders_dags.py for tasks to queue
[2026-03-23T01:19:57.832+0000] {logging_mixin.py:188} INFO - [2026-03-23T01:19:57.831+0000] {dagbag.py:545} INFO - Filling up the DagBag from /opt/airflow/dags/normalized_orders_dags.py
[2026-03-23T01:19:58.326+0000] {processor.py:840} INFO - DAG(s) 'normalize_orders_dag' retrieved from /opt/airflow/dags/normalized_orders_dags.py
[2026-03-23T01:19:58.382+0000] {logging_mixin.py:188} INFO - [2026-03-23T01:19:58.381+0000] {dag.py:3089} INFO - Sync 1 DAGs
[2026-03-23T01:19:58.395+0000] {logging_mixin.py:188} INFO - [2026-03-23T01:19:58.395+0000] {dag.py:3947} INFO - Setting next_dagrun for normalize_orders_dag to None, run_after=None
[2026-03-23T01:19:58.685+0000] {processor.py:183} INFO - Processing /opt/airflow/dags/normalized_orders_dags.py took 0.889 seconds
[2026-03-23T01:20:29.110+0000] {processor.py:161} INFO - Started process (PID=933) to work on /opt/airflow/dags/normalized_orders_dags.py
[2026-03-23T01:20:29.112+0000] {processor.py:830} INFO - Processing file /opt/airflow/dags/normalized_orders_dags.py for tasks to queue
[2026-03-23T01:20:29.113+0000] {logging_mixin.py:188} INFO - [2026-03-23T01:20:29.113+0000] {dagbag.py:545} INFO - Filling up the DagBag from /opt/airflow/dags/normalized_orders_dags.py
[2026-03-23T01:20:29.424+0000] {processor.py:840} INFO - DAG(s) 'normalize_orders_dag' retrieved from /opt/airflow/dags/normalized_orders_dags.py
[2026-03-23T01:20:29.462+0000] {logging_mixin.py:188} INFO - [2026-03-23T01:20:29.462+0000] {dag.py:3089} INFO - Sync 1 DAGs
[2026-03-23T01:20:29.654+0000] {logging_mixin.py:188} INFO - [2026-03-23T01:20:29.654+0000] {dag.py:3947} INFO - Setting next_dagrun for normalize_orders_dag to None, run_after=None
[2026-03-23T01:20:29.672+0000] {processor.py:183} INFO - Processing /opt/airflow/dags/normalized_orders_dags.py took 0.569 seconds
[2026-03-23T01:20:59.833+0000] {processor.py:161} INFO - Started process (PID=939) to work on /opt/airflow/dags/normalized_orders_dags.py
[2026-03-23T01:20:59.835+0000] {processor.py:830} INFO - Processing file /opt/airflow/dags/normalized_orders_dags.py for tasks to queue
[2026-03-23T01:20:59.837+0000] {logging_mixin.py:188} INFO - [2026-03-23T01:20:59.836+0000] {dagbag.py:545} INFO - Filling up the DagBag from /opt/airflow/dags/normalized_orders_dags.py
[2026-03-23T01:21:00.263+0000] {processor.py:840} INFO - DAG(s) 'normalize_orders_dag' retrieved from /opt/airflow/dags/normalized_orders_dags.py
[2026-03-23T01:21:00.324+0000] {logging_mixin.py:188} INFO - [2026-03-23T01:21:00.324+0000] {dag.py:3089} INFO - Sync 1 DAGs
[2026-03-23T01:21:00.346+0000] {logging_mixin.py:188} INFO - [2026-03-23T01:21:00.346+0000] {dag.py:3947} INFO - Setting next_dagrun for normalize_orders_dag to None, run_after=None
[2026-03-23T01:21:00.367+0000] {processor.py:183} INFO - Processing /opt/airflow/dags/normalized_orders_dags.py took 0.546 seconds
[2026-03-23T01:21:30.658+0000] {processor.py:161} INFO - Started process (PID=945) to work on /opt/airflow/dags/normalized_orders_dags.py
[2026-03-23T01:21:30.660+0000] {processor.py:830} INFO - Processing file /opt/airflow/dags/normalized_orders_dags.py for tasks to queue
[2026-03-23T01:21:30.664+0000] {logging_mixin.py:188} INFO - [2026-03-23T01:21:30.663+0000] {dagbag.py:545} INFO - Filling up the DagBag from /opt/airflow/dags/normalized_orders_dags.py
[2026-03-23T01:21:31.022+0000] {processor.py:840} INFO - DAG(s) 'normalize_orders_dag' retrieved from /opt/airflow/dags/normalized_orders_dags.py
[2026-03-23T01:21:31.092+0000] {logging_mixin.py:188} INFO - [2026-03-23T01:21:31.091+0000] {dag.py:3089} INFO - Sync 1 DAGs
[2026-03-23T01:21:31.112+0000] {logging_mixin.py:188} INFO - [2026-03-23T01:21:31.111+0000] {dag.py:3947} INFO - Setting next_dagrun for normalize_orders_dag to None, run_after=None
[2026-03-23T01:21:31.135+0000] {processor.py:183} INFO - Processing /opt/airflow/dags/normalized_orders_dags.py took 0.497 seconds
[2026-03-23T01:22:01.478+0000] {processor.py:161} INFO - Started process (PID=951) to work on /opt/airflow/dags/normalized_orders_dags.py
[2026-03-23T01:22:01.480+0000] {processor.py:830} INFO - Processing file /opt/airflow/dags/normalized_orders_dags.py for tasks to queue
[2026-03-23T01:22:01.484+0000] {logging_mixin.py:188} INFO - [2026-03-23T01:22:01.484+0000] {dagbag.py:545} INFO - Filling up the DagBag from /opt/airflow/dags/normalized_orders_dags.py
[2026-03-23T01:22:02.249+0000] {processor.py:840} INFO - DAG(s) 'normalize_orders_dag' retrieved from /opt/airflow/dags/normalized_orders_dags.py
[2026-03-23T01:22:02.340+0000] {logging_mixin.py:188} INFO - [2026-03-23T01:22:02.339+0000] {dag.py:3089} INFO - Sync 1 DAGs
[2026-03-23T01:22:02.366+0000] {logging_mixin.py:188} INFO - [2026-03-23T01:22:02.366+0000] {dag.py:3947} INFO - Setting next_dagrun for normalize_orders_dag to None, run_after=None
[2026-03-23T01:22:02.401+0000] {processor.py:183} INFO - Processing /opt/airflow/dags/normalized_orders_dags.py took 0.943 seconds
[2026-03-23T01:22:32.724+0000] {processor.py:161} INFO - Started process (PID=957) to work on /opt/airflow/dags/normalized_orders_dags.py
[2026-03-23T01:22:32.726+0000] {processor.py:830} INFO - Processing file /opt/airflow/dags/normalized_orders_dags.py for tasks to queue
[2026-03-23T01:22:32.728+0000] {logging_mixin.py:188} INFO - [2026-03-23T01:22:32.727+0000] {dagbag.py:545} INFO - Filling up the DagBag from /opt/airflow/dags/normalized_orders_dags.py
[2026-03-23T01:22:33.122+0000] {processor.py:840} INFO - DAG(s) 'normalize_orders_dag' retrieved from /opt/airflow/dags/normalized_orders_dags.py
[2026-03-23T01:22:33.161+0000] {logging_mixin.py:188} INFO - [2026-03-23T01:22:33.161+0000] {dag.py:3089} INFO - Sync 1 DAGs
[2026-03-23T01:22:33.181+0000] {logging_mixin.py:188} INFO - [2026-03-23T01:22:33.180+0000] {dag.py:3947} INFO - Setting next_dagrun for normalize_orders_dag to None, run_after=None
[2026-03-23T01:22:33.204+0000] {processor.py:183} INFO - Processing /opt/airflow/dags/normalized_orders_dags.py took 0.487 seconds
[2026-03-23T01:23:03.512+0000] {processor.py:161} INFO - Started process (PID=963) to work on /opt/airflow/dags/normalized_orders_dags.py
[2026-03-23T01:23:03.514+0000] {processor.py:830} INFO - Processing file /opt/airflow/dags/normalized_orders_dags.py for tasks to queue
[2026-03-23T01:23:03.523+0000] {logging_mixin.py:188} INFO - [2026-03-23T01:23:03.522+0000] {dagbag.py:545} INFO - Filling up the DagBag from /opt/airflow/dags/normalized_orders_dags.py
[2026-03-23T01:23:04.040+0000] {processor.py:840} INFO - DAG(s) 'normalize_orders_dag' retrieved from /opt/airflow/dags/normalized_orders_dags.py
[2026-03-23T01:23:04.128+0000] {logging_mixin.py:188} INFO - [2026-03-23T01:23:04.128+0000] {dag.py:3089} INFO - Sync 1 DAGs
[2026-03-23T01:23:04.165+0000] {logging_mixin.py:188} INFO - [2026-03-23T01:23:04.165+0000] {dag.py:3947} INFO - Setting next_dagrun for normalize_orders_dag to None, run_after=None
[2026-03-23T01:23:04.462+0000] {processor.py:183} INFO - Processing /opt/airflow/dags/normalized_orders_dags.py took 0.958 seconds
[2026-03-23T01:23:35.092+0000] {processor.py:161} INFO - Started process (PID=969) to work on /opt/airflow/dags/normalized_orders_dags.py
[2026-03-23T01:23:35.097+0000] {processor.py:830} INFO - Processing file /opt/airflow/dags/normalized_orders_dags.py for tasks to queue
[2026-03-23T01:23:35.109+0000] {logging_mixin.py:188} INFO - [2026-03-23T01:23:35.107+0000] {dagbag.py:545} INFO - Filling up the DagBag from /opt/airflow/dags/normalized_orders_dags.py
[2026-03-23T01:23:35.913+0000] {processor.py:840} INFO - DAG(s) 'normalize_orders_dag' retrieved from /opt/airflow/dags/normalized_orders_dags.py
[2026-03-23T01:23:36.008+0000] {logging_mixin.py:188} INFO - [2026-03-23T01:23:36.006+0000] {dag.py:3089} INFO - Sync 1 DAGs
[2026-03-23T01:23:36.042+0000] {logging_mixin.py:188} INFO - [2026-03-23T01:23:36.041+0000] {dag.py:3947} INFO - Setting next_dagrun for normalize_orders_dag to None, run_after=None
[2026-03-23T01:23:36.079+0000] {processor.py:183} INFO - Processing /opt/airflow/dags/normalized_orders_dags.py took 1.038 seconds
[2026-03-23T01:24:06.485+0000] {processor.py:161} INFO - Started process (PID=975) to work on /opt/airflow/dags/normalized_orders_dags.py
[2026-03-23T01:24:06.487+0000] {processor.py:830} INFO - Processing file /opt/airflow/dags/normalized_orders_dags.py for tasks to queue
[2026-03-23T01:24:06.489+0000] {logging_mixin.py:188} INFO - [2026-03-23T01:24:06.488+0000] {dagbag.py:545} INFO - Filling up the DagBag from /opt/airflow/dags/normalized_orders_dags.py
[2026-03-23T01:24:06.849+0000] {processor.py:840} INFO - DAG(s) 'normalize_orders_dag' retrieved from /opt/airflow/dags/normalized_orders_dags.py
[2026-03-23T01:24:06.898+0000] {logging_mixin.py:188} INFO - [2026-03-23T01:24:06.898+0000] {dag.py:3089} INFO - Sync 1 DAGs
[2026-03-23T01:24:06.916+0000] {logging_mixin.py:188} INFO - [2026-03-23T01:24:06.916+0000] {dag.py:3947} INFO - Setting next_dagrun for normalize_orders_dag to None, run_after=None
[2026-03-23T01:24:06.938+0000] {processor.py:183} INFO - Processing /opt/airflow/dags/normalized_orders_dags.py took 0.463 seconds
[2026-03-23T01:24:37.188+0000] {processor.py:161} INFO - Started process (PID=981) to work on /opt/airflow/dags/normalized_orders_dags.py
[2026-03-23T01:24:37.190+0000] {processor.py:830} INFO - Processing file /opt/airflow/dags/normalized_orders_dags.py for tasks to queue
[2026-03-23T01:24:37.192+0000] {logging_mixin.py:188} INFO - [2026-03-23T01:24:37.191+0000] {dagbag.py:545} INFO - Filling up the DagBag from /opt/airflow/dags/normalized_orders_dags.py
[2026-03-23T01:24:37.596+0000] {processor.py:840} INFO - DAG(s) 'normalize_orders_dag' retrieved from /opt/airflow/dags/normalized_orders_dags.py
[2026-03-23T01:24:37.679+0000] {logging_mixin.py:188} INFO - [2026-03-23T01:24:37.678+0000] {dag.py:3089} INFO - Sync 1 DAGs
[2026-03-23T01:24:37.722+0000] {logging_mixin.py:188} INFO - [2026-03-23T01:24:37.722+0000] {dag.py:3947} INFO - Setting next_dagrun for normalize_orders_dag to None, run_after=None
[2026-03-23T01:24:37.747+0000] {processor.py:183} INFO - Processing /opt/airflow/dags/normalized_orders_dags.py took 0.567 seconds
[2026-03-23T01:25:07.971+0000] {processor.py:161} INFO - Started process (PID=987) to work on /opt/airflow/dags/normalized_orders_dags.py
[2026-03-23T01:25:07.972+0000] {processor.py:830} INFO - Processing file /opt/airflow/dags/normalized_orders_dags.py for tasks to queue
[2026-03-23T01:25:07.975+0000] {logging_mixin.py:188} INFO - [2026-03-23T01:25:07.974+0000] {dagbag.py:545} INFO - Filling up the DagBag from /opt/airflow/dags/normalized_orders_dags.py
[2026-03-23T01:25:08.310+0000] {processor.py:840} INFO - DAG(s) 'normalize_orders_dag' retrieved from /opt/airflow/dags/normalized_orders_dags.py
[2026-03-23T01:25:08.342+0000] {logging_mixin.py:188} INFO - [2026-03-23T01:25:08.342+0000] {dag.py:3089} INFO - Sync 1 DAGs
[2026-03-23T01:25:08.359+0000] {logging_mixin.py:188} INFO - [2026-03-23T01:25:08.358+0000] {dag.py:3947} INFO - Setting next_dagrun for normalize_orders_dag to None, run_after=None
[2026-03-23T01:25:08.385+0000] {processor.py:183} INFO - Processing /opt/airflow/dags/normalized_orders_dags.py took 0.421 seconds
[2026-03-23T01:25:38.677+0000] {processor.py:161} INFO - Started process (PID=993) to work on /opt/airflow/dags/normalized_orders_dags.py
[2026-03-23T01:25:38.679+0000] {processor.py:830} INFO - Processing file /opt/airflow/dags/normalized_orders_dags.py for tasks to queue
[2026-03-23T01:25:38.681+0000] {logging_mixin.py:188} INFO - [2026-03-23T01:25:38.681+0000] {dagbag.py:545} INFO - Filling up the DagBag from /opt/airflow/dags/normalized_orders_dags.py
[2026-03-23T01:25:39.232+0000] {processor.py:840} INFO - DAG(s) 'normalize_orders_dag' retrieved from /opt/airflow/dags/normalized_orders_dags.py
[2026-03-23T01:25:39.326+0000] {logging_mixin.py:188} INFO - [2026-03-23T01:25:39.325+0000] {dag.py:3089} INFO - Sync 1 DAGs
[2026-03-23T01:25:39.387+0000] {logging_mixin.py:188} INFO - [2026-03-23T01:25:39.387+0000] {dag.py:3947} INFO - Setting next_dagrun for normalize_orders_dag to None, run_after=None
[2026-03-23T01:25:39.681+0000] {processor.py:183} INFO - Processing /opt/airflow/dags/normalized_orders_dags.py took 1.016 seconds
[2026-03-23T01:26:10.188+0000] {processor.py:161} INFO - Started process (PID=999) to work on /opt/airflow/dags/normalized_orders_dags.py
[2026-03-23T01:26:10.190+0000] {processor.py:830} INFO - Processing file /opt/airflow/dags/normalized_orders_dags.py for tasks to queue
[2026-03-23T01:26:10.192+0000] {logging_mixin.py:188} INFO - [2026-03-23T01:26:10.192+0000] {dagbag.py:545} INFO - Filling up the DagBag from /opt/airflow/dags/normalized_orders_dags.py
[2026-03-23T01:26:10.545+0000] {processor.py:840} INFO - DAG(s) 'normalize_orders_dag' retrieved from /opt/airflow/dags/normalized_orders_dags.py
[2026-03-23T01:26:10.600+0000] {logging_mixin.py:188} INFO - [2026-03-23T01:26:10.599+0000] {dag.py:3089} INFO - Sync 1 DAGs
[2026-03-23T01:26:11.012+0000] {logging_mixin.py:188} INFO - [2026-03-23T01:26:11.011+0000] {dag.py:3947} INFO - Setting next_dagrun for normalize_orders_dag to None, run_after=None
[2026-03-23T01:26:11.044+0000] {processor.py:183} INFO - Processing /opt/airflow/dags/normalized_orders_dags.py took 0.871 seconds
[2026-03-23T01:26:41.677+0000] {processor.py:161} INFO - Started process (PID=1005) to work on /opt/airflow/dags/normalized_orders_dags.py
[2026-03-23T01:26:41.680+0000] {processor.py:830} INFO - Processing file /opt/airflow/dags/normalized_orders_dags.py for tasks to queue
[2026-03-23T01:26:41.683+0000] {logging_mixin.py:188} INFO - [2026-03-23T01:26:41.683+0000] {dagbag.py:545} INFO - Filling up the DagBag from /opt/airflow/dags/normalized_orders_dags.py
[2026-03-23T01:26:42.076+0000] {processor.py:840} INFO - DAG(s) 'normalize_orders_dag' retrieved from /opt/airflow/dags/normalized_orders_dags.py
[2026-03-23T01:26:42.150+0000] {logging_mixin.py:188} INFO - [2026-03-23T01:26:42.149+0000] {dag.py:3089} INFO - Sync 1 DAGs
[2026-03-23T01:26:42.171+0000] {logging_mixin.py:188} INFO - [2026-03-23T01:26:42.170+0000] {dag.py:3947} INFO - Setting next_dagrun for normalize_orders_dag to None, run_after=None
[2026-03-23T01:26:42.197+0000] {processor.py:183} INFO - Processing /opt/airflow/dags/normalized_orders_dags.py took 0.531 seconds
[2026-03-23T01:27:12.496+0000] {processor.py:161} INFO - Started process (PID=1011) to work on /opt/airflow/dags/normalized_orders_dags.py
[2026-03-23T01:27:12.499+0000] {processor.py:830} INFO - Processing file /opt/airflow/dags/normalized_orders_dags.py for tasks to queue
[2026-03-23T01:27:12.502+0000] {logging_mixin.py:188} INFO - [2026-03-23T01:27:12.501+0000] {dagbag.py:545} INFO - Filling up the DagBag from /opt/airflow/dags/normalized_orders_dags.py
[2026-03-23T01:27:12.911+0000] {processor.py:840} INFO - DAG(s) 'normalize_orders_dag' retrieved from /opt/airflow/dags/normalized_orders_dags.py
[2026-03-23T01:27:12.991+0000] {logging_mixin.py:188} INFO - [2026-03-23T01:27:12.991+0000] {dag.py:3089} INFO - Sync 1 DAGs
[2026-03-23T01:27:13.011+0000] {logging_mixin.py:188} INFO - [2026-03-23T01:27:13.010+0000] {dag.py:3947} INFO - Setting next_dagrun for normalize_orders_dag to None, run_after=None
[2026-03-23T01:27:13.026+0000] {processor.py:183} INFO - Processing /opt/airflow/dags/normalized_orders_dags.py took 0.538 seconds
[2026-03-23T01:27:43.399+0000] {processor.py:161} INFO - Started process (PID=1017) to work on /opt/airflow/dags/normalized_orders_dags.py
[2026-03-23T01:27:43.402+0000] {processor.py:830} INFO - Processing file /opt/airflow/dags/normalized_orders_dags.py for tasks to queue
[2026-03-23T01:27:43.405+0000] {logging_mixin.py:188} INFO - [2026-03-23T01:27:43.404+0000] {dagbag.py:545} INFO - Filling up the DagBag from /opt/airflow/dags/normalized_orders_dags.py
[2026-03-23T01:27:43.888+0000] {processor.py:840} INFO - DAG(s) 'normalize_orders_dag' retrieved from /opt/airflow/dags/normalized_orders_dags.py
[2026-03-23T01:27:43.935+0000] {logging_mixin.py:188} INFO - [2026-03-23T01:27:43.935+0000] {dag.py:3089} INFO - Sync 1 DAGs
[2026-03-23T01:27:43.996+0000] {logging_mixin.py:188} INFO - [2026-03-23T01:27:43.996+0000] {dag.py:3947} INFO - Setting next_dagrun for normalize_orders_dag to None, run_after=None
[2026-03-23T01:27:44.031+0000] {processor.py:183} INFO - Processing /opt/airflow/dags/normalized_orders_dags.py took 0.656 seconds
[2026-03-23T01:28:14.699+0000] {processor.py:161} INFO - Started process (PID=1023) to work on /opt/airflow/dags/normalized_orders_dags.py
[2026-03-23T01:28:14.702+0000] {processor.py:830} INFO - Processing file /opt/airflow/dags/normalized_orders_dags.py for tasks to queue
[2026-03-23T01:28:14.707+0000] {logging_mixin.py:188} INFO - [2026-03-23T01:28:14.706+0000] {dagbag.py:545} INFO - Filling up the DagBag from /opt/airflow/dags/normalized_orders_dags.py
[2026-03-23T01:28:15.176+0000] {processor.py:840} INFO - DAG(s) 'normalize_orders_dag' retrieved from /opt/airflow/dags/normalized_orders_dags.py
[2026-03-23T01:28:15.241+0000] {logging_mixin.py:188} INFO - [2026-03-23T01:28:15.240+0000] {dag.py:3089} INFO - Sync 1 DAGs
[2026-03-23T01:28:15.263+0000] {logging_mixin.py:188} INFO - [2026-03-23T01:28:15.263+0000] {dag.py:3947} INFO - Setting next_dagrun for normalize_orders_dag to None, run_after=None
[2026-03-23T01:28:15.287+0000] {processor.py:183} INFO - Processing /opt/airflow/dags/normalized_orders_dags.py took 0.617 seconds
[2026-03-23T01:28:45.622+0000] {processor.py:161} INFO - Started process (PID=1029) to work on /opt/airflow/dags/normalized_orders_dags.py
[2026-03-23T01:28:45.624+0000] {processor.py:830} INFO - Processing file /opt/airflow/dags/normalized_orders_dags.py for tasks to queue
[2026-03-23T01:28:45.626+0000] {logging_mixin.py:188} INFO - [2026-03-23T01:28:45.625+0000] {dagbag.py:545} INFO - Filling up the DagBag from /opt/airflow/dags/normalized_orders_dags.py
[2026-03-23T01:28:46.137+0000] {processor.py:840} INFO - DAG(s) 'normalize_orders_dag' retrieved from /opt/airflow/dags/normalized_orders_dags.py
[2026-03-23T01:28:46.189+0000] {logging_mixin.py:188} INFO - [2026-03-23T01:28:46.189+0000] {dag.py:3089} INFO - Sync 1 DAGs
[2026-03-23T01:28:46.214+0000] {logging_mixin.py:188} INFO - [2026-03-23T01:28:46.214+0000] {dag.py:3947} INFO - Setting next_dagrun for normalize_orders_dag to None, run_after=None
[2026-03-23T01:28:46.487+0000] {processor.py:183} INFO - Processing /opt/airflow/dags/normalized_orders_dags.py took 0.873 seconds
[2026-03-23T01:29:16.782+0000] {processor.py:161} INFO - Started process (PID=1035) to work on /opt/airflow/dags/normalized_orders_dags.py
[2026-03-23T01:29:16.783+0000] {processor.py:830} INFO - Processing file /opt/airflow/dags/normalized_orders_dags.py for tasks to queue
[2026-03-23T01:29:16.787+0000] {logging_mixin.py:188} INFO - [2026-03-23T01:29:16.785+0000] {dagbag.py:545} INFO - Filling up the DagBag from /opt/airflow/dags/normalized_orders_dags.py
[2026-03-23T01:29:17.137+0000] {processor.py:840} INFO - DAG(s) 'normalize_orders_dag' retrieved from /opt/airflow/dags/normalized_orders_dags.py
[2026-03-23T01:29:17.173+0000] {logging_mixin.py:188} INFO - [2026-03-23T01:29:17.172+0000] {dag.py:3089} INFO - Sync 1 DAGs
[2026-03-23T01:29:17.400+0000] {logging_mixin.py:188} INFO - [2026-03-23T01:29:17.400+0000] {dag.py:3947} INFO - Setting next_dagrun for normalize_orders_dag to None, run_after=None
[2026-03-23T01:29:17.420+0000] {processor.py:183} INFO - Processing /opt/airflow/dags/normalized_orders_dags.py took 0.647 seconds
[2026-03-23T01:29:47.576+0000] {processor.py:161} INFO - Started process (PID=1041) to work on /opt/airflow/dags/normalized_orders_dags.py
[2026-03-23T01:29:47.578+0000] {processor.py:830} INFO - Processing file /opt/airflow/dags/normalized_orders_dags.py for tasks to queue
[2026-03-23T01:29:47.580+0000] {logging_mixin.py:188} INFO - [2026-03-23T01:29:47.579+0000] {dagbag.py:545} INFO - Filling up the DagBag from /opt/airflow/dags/normalized_orders_dags.py
[2026-03-23T01:29:47.944+0000] {processor.py:840} INFO - DAG(s) 'normalize_orders_dag' retrieved from /opt/airflow/dags/normalized_orders_dags.py
[2026-03-23T01:29:47.986+0000] {logging_mixin.py:188} INFO - [2026-03-23T01:29:47.985+0000] {dag.py:3089} INFO - Sync 1 DAGs
[2026-03-23T01:29:48.018+0000] {logging_mixin.py:188} INFO - [2026-03-23T01:29:48.017+0000] {dag.py:3947} INFO - Setting next_dagrun for normalize_orders_dag to None, run_after=None
[2026-03-23T01:29:48.052+0000] {processor.py:183} INFO - Processing /opt/airflow/dags/normalized_orders_dags.py took 0.495 seconds
[2026-03-23T01:30:18.412+0000] {processor.py:161} INFO - Started process (PID=1047) to work on /opt/airflow/dags/normalized_orders_dags.py
[2026-03-23T01:30:18.417+0000] {processor.py:830} INFO - Processing file /opt/airflow/dags/normalized_orders_dags.py for tasks to queue
[2026-03-23T01:30:18.426+0000] {logging_mixin.py:188} INFO - [2026-03-23T01:30:18.425+0000] {dagbag.py:545} INFO - Filling up the DagBag from /opt/airflow/dags/normalized_orders_dags.py
[2026-03-23T01:30:19.220+0000] {processor.py:840} INFO - DAG(s) 'normalize_orders_dag' retrieved from /opt/airflow/dags/normalized_orders_dags.py
[2026-03-23T01:30:19.317+0000] {logging_mixin.py:188} INFO - [2026-03-23T01:30:19.317+0000] {dag.py:3089} INFO - Sync 1 DAGs
[2026-03-23T01:30:19.352+0000] {logging_mixin.py:188} INFO - [2026-03-23T01:30:19.352+0000] {dag.py:3947} INFO - Setting next_dagrun for normalize_orders_dag to None, run_after=None
[2026-03-23T01:30:19.405+0000] {processor.py:183} INFO - Processing /opt/airflow/dags/normalized_orders_dags.py took 1.021 seconds
